idna_subject,checker_type,destination,source,tested_at,session_id
101com.com,AVAILABILITY,domains.list,domains.list,2023-05-12 03:35:58.560628,6f4b4eea5625f77a6d56c647
101order.com,AVAILABILITY,domains.list,domains.list,2023-05-12 03:36:18.908781,6f4b4eea5625f77a6d56c647
123found.com,AVAILABILITY,domains.list,domains.list,2023-05-12 03:36:25.025390,6f4b4eea5625f77a6d56c647
140proof.com,AVAILABILITY,domains.list,domains.list,2023-05-12 03:36:26.051043,6f4b4eea5625f77a6d56c647
180hits.de,AVAILABILITY,domains.list,domains.list,2023-05-12 03:36:27.190661,6f4b4eea5625f77a6d56c647
180searchassistant.com,AVAILABILITY,domains.list,domains.list,2023-05-12 03:36:34.306353,6f4b4eea5625f77a6d56c647
1x1rank.com,AVAILABILITY,domains.list,domains.list,2023-05-12 03:36:34.690540,6f4b4eea5625f77a6d56c647
207.net,AVAILABILITY,domains.list,domains.list,2023-05-12 03:36:35.005317,6f4b4eea5625f77a6d56c647
247media.com,AVAILABILITY,domains.list,domains.list,2023-05-12 03:36:55.329606,6f4b4eea5625f77a6d56c647
24log.com,AVAILABILITY,domains.list,domains.list,2023-05-12 03:36:55.848831,6f4b4eea5625f77a6d56c647
24log.de,AVAILABILITY,domains.list,domains.list,2023-05-12 03:36:56.416084,6f4b4eea5625f77a6d56c647
24pm-affiliation.com,AVAILABILITY,domains.list,domains.list,2023-05-12 03:36:56.660936,6f4b4eea5625f77a6d56c647
2o7.net,AVAILABILITY,domains.list,domains.list,2023-05-12 03:36:57.065480,6f4b4eea5625f77a6d56c647
360yield.com,AVAILABILITY,domains.list,domains.list,2023-05-12 03:36:58.508736,6f4b4eea5625f77a6d56c647
3cinteractive.com,AVAILABILITY,domains.list,domains.list,2023-05-12 03:36:58.931824,6f4b4eea5625f77a6d56c647
4affiliate.net,AVAILABILITY,domains.list,domains.list,2023-05-12 03:37:03.097700,6f4b4eea5625f77a6d56c647
4d5.net,AVAILABILITY,domains.list,domains.list,2023-05-12 03:37:03.623657,6f4b4eea5625f77a6d56c647
4info.com,AVAILABILITY,domains.list,domains.list,2023-05-12 03:37:04.429147,6f4b4eea5625f77a6d56c647
4mads.com,AVAILABILITY,domains.list,domains.list,2023-05-12 03:37:04.952757,6f4b4eea5625f77a6d56c647
50websads.com,AVAILABILITY,domains.list,domains.list,2023-05-12 03:37:05.508626,6f4b4eea5625f77a6d56c647
518ad.com,AVAILABILITY,domains.list,domains.list,2023-05-12 03:37:06.290441,6f4b4eea5625f77a6d56c647
51yes.com,AVAILABILITY,domains.list,domains.list,2023-05-12 03:37:24.223235,6f4b4eea5625f77a6d56c647
5thfinger.com,AVAILABILITY,domains.list,domains.list,2023-05-12 03:37:24.853998,6f4b4eea5625f77a6d56c647
600z.com,AVAILABILITY,domains.list,domains.list,2023-05-12 03:37:26.302823,6f4b4eea5625f77a6d56c647
777partner.com,AVAILABILITY,domains.list,domains.list,2023-05-12 03:37:28.205833,6f4b4eea5625f77a6d56c647
777seo.com,AVAILABILITY,domains.list,domains.list,2023-05-12 03:37:29.273398,6f4b4eea5625f77a6d56c647
77tracking.com,AVAILABILITY,domains.list,domains.list,2023-05-12 03:37:49.609811,6f4b4eea5625f77a6d56c647
7bpeople.com,AVAILABILITY,domains.list,domains.list,2023-05-12 03:37:52.918667,6f4b4eea5625f77a6d56c647
7search.com,AVAILABILITY,domains.list,domains.list,2023-05-12 03:37:53.357470,6f4b4eea5625f77a6d56c647
980media.com,AVAILABILITY,domains.list,domains.list,2023-05-12 03:37:53.669213,6f4b4eea5625f77a6d56c647
99count.com,AVAILABILITY,domains.list,domains.list,2023-05-12 03:38:13.957598,6f4b4eea5625f77a6d56c647
a-ads.com,AVAILABILITY,domains.list,domains.list,2023-05-12 03:38:14.220122,6f4b4eea5625f77a6d56c647
a-counter.kiev.ua,AVAILABILITY,domains.list,domains.list,2023-05-12 03:38:14.482547,6f4b4eea5625f77a6d56c647
a.aproductmsg.com,AVAILABILITY,domains.list,domains.list,2023-05-12 03:38:15.145521,6f4b4eea5625f77a6d56c647
a.consumer.net,AVAILABILITY,domains.list,domains.list,2023-05-12 03:38:15.712329,6f4b4eea5625f77a6d56c647
a.mktw.net,AVAILABILITY,domains.list,domains.list,2023-05-12 03:38:16.072162,6f4b4eea5625f77a6d56c647
a.sakh.com,AVAILABILITY,domains.list,domains.list,2023-05-12 03:38:19.396717,6f4b4eea5625f77a6d56c647
a.ucoz.net,AVAILABILITY,domains.list,domains.list,2023-05-12 03:38:20.496068,6f4b4eea5625f77a6d56c647
a.ucoz.ru,AVAILABILITY,domains.list,domains.list,2023-05-12 03:38:21.494108,6f4b4eea5625f77a6d56c647
a.xanga.com,AVAILABILITY,domains.list,domains.list,2023-05-12 03:38:21.915957,6f4b4eea5625f77a6d56c647
a9.com,AVAILABILITY,domains.list,domains.list,2023-05-12 03:38:22.907729,6f4b4eea5625f77a6d56c647
aaddzz.com,AVAILABILITY,domains.list,domains.list,2023-05-12 03:38:23.772266,6f4b4eea5625f77a6d56c647
aarki.com,AVAILABILITY,domains.list,domains.list,2023-05-12 03:38:24.367367,6f4b4eea5625f77a6d56c647
abacho.net,AVAILABILITY,domains.list,domains.list,2023-05-12 03:38:44.936369,6f4b4eea5625f77a6d56c647
abc-ads.com,AVAILABILITY,domains.list,domains.list,2023-05-12 03:38:45.222237,6f4b4eea5625f77a6d56c647
absoluteclickscom.com,AVAILABILITY,domains.list,domains.list,2023-05-12 03:38:45.924935,6f4b4eea5625f77a6d56c647
abz.com,AVAILABILITY,domains.list,domains.list,2023-05-12 03:38:48.015764,6f4b4eea5625f77a6d56c647
ac.rnm.ca,AVAILABILITY,domains.list,domains.list,2023-05-12 03:39:08.429396,6f4b4eea5625f77a6d56c647
acento.com,AVAILABILITY,domains.list,domains.list,2023-05-12 03:39:10.324331,6f4b4eea5625f77a6d56c647
acsseo.com,AVAILABILITY,domains.list,domains.list,2023-05-12 03:39:10.697154,6f4b4eea5625f77a6d56c647
actionsplash.com,AVAILABILITY,domains.list,domains.list,2023-05-12 03:39:11.389678,6f4b4eea5625f77a6d56c647
actualdeals.com,AVAILABILITY,domains.list,domains.list,2023-05-12 03:39:11.911639,6f4b4eea5625f77a6d56c647
acuityads.com,AVAILABILITY,domains.list,domains.list,2023-05-12 03:39:12.337606,6f4b4eea5625f77a6d56c647
ad-balancer.at,AVAILABILITY,domains.list,domains.list,2023-05-12 03:39:12.598248,6f4b4eea5625f77a6d56c647
ad-balancer.net,AVAILABILITY,domains.list,domains.list,2023-05-12 03:39:12.852709,6f4b4eea5625f77a6d56c647
ad-center.com,AVAILABILITY,domains.list,domains.list,2023-05-12 03:39:13.136090,6f4b4eea5625f77a6d56c647
ad-pay.de,AVAILABILITY,domains.list,domains.list,2023-05-12 03:39:13.601384,6f4b4eea5625f77a6d56c647
ad-rotator.com,AVAILABILITY,domains.list,domains.list,2023-05-12 03:39:13.863537,6f4b4eea5625f77a6d56c647
ad-server.gulasidorna.se,AVAILABILITY,domains.list,domains.list,2023-05-12 03:39:14.124672,6f4b4eea5625f77a6d56c647
ad-serverparc.nl,AVAILABILITY,domains.list,domains.list,2023-05-12 03:39:14.374282,6f4b4eea5625f77a6d56c647
ad-souk.com,AVAILABILITY,domains.list,domains.list,2023-05-12 03:39:14.647204,6f4b4eea5625f77a6d56c647
ad-space.net,AVAILABILITY,domains.list,domains.list,2023-05-12 03:39:14.904382,6f4b4eea5625f77a6d56c647
ad-tech.com,AVAILABILITY,domains.list,domains.list,2023-05-12 03:39:15.176704,6f4b4eea5625f77a6d56c647
ad-up.com,AVAILABILITY,domains.list,domains.list,2023-05-12 03:39:15.454306,6f4b4eea5625f77a6d56c647
ad.103092804.com,AVAILABILITY,domains.list,domains.list,2023-05-12 03:39:18.272846,6f4b4eea5625f77a6d56c647
ad.71i.de,AVAILABILITY,domains.list,domains.list,2023-05-12 03:39:18.901775,6f4b4eea5625f77a6d56c647
ad.980x.com,AVAILABILITY,domains.list,domains.list,2023-05-12 03:39:40.565084,6f4b4eea5625f77a6d56c647
ad.a8.net,AVAILABILITY,domains.list,domains.list,2023-05-12 03:39:41.212048,6f4b4eea5625f77a6d56c647
ad.abcnews.com,AVAILABILITY,domains.list,domains.list,2023-05-12 03:40:01.558593,6f4b4eea5625f77a6d56c647
ad.abctv.com,AVAILABILITY,domains.list,domains.list,2023-05-12 03:40:22.047848,6f4b4eea5625f77a6d56c647
ad.aboutit.de,AVAILABILITY,domains.list,domains.list,2023-05-12 03:40:25.100283,6f4b4eea5625f77a6d56c647
ad.aboutwebservices.com,AVAILABILITY,domains.list,domains.list,2023-05-12 03:40:25.629549,6f4b4eea5625f77a6d56c647
ad.abum.com,AVAILABILITY,domains.list,domains.list,2023-05-12 03:40:25.974254,6f4b4eea5625f77a6d56c647
ad.afy11.net,AVAILABILITY,domains.list,domains.list,2023-05-12 03:40:27.014766,6f4b4eea5625f77a6d56c647
ad.altervista.org,AVAILABILITY,domains.list,domains.list,2023-05-12 03:40:28.050484,6f4b4eea5625f77a6d56c647
ad.amgdgt.com,AVAILABILITY,domains.list,domains.list,2023-05-12 03:40:28.596161,6f4b4eea5625f77a6d56c647
ad.anuntis.com,AVAILABILITY,domains.list,domains.list,2023-05-12 03:40:48.930548,6f4b4eea5625f77a6d56c647
ad.auditude.com,AVAILABILITY,domains.list,domains.list,2023-05-12 03:40:49.303768,6f4b4eea5625f77a6d56c647
ad.bizo.com,AVAILABILITY,domains.list,domains.list,2023-05-12 03:40:49.879746,6f4b4eea5625f77a6d56c647
ad.bondage.com,AVAILABILITY,domains.list,domains.list,2023-05-12 03:40:50.492050,6f4b4eea5625f77a6d56c647
ad.centrum.cz,AVAILABILITY,domains.list,domains.list,2023-05-12 03:40:53.903531,6f4b4eea5625f77a6d56c647
ad.cgi.cz,AVAILABILITY,domains.list,domains.list,2023-05-12 03:40:55.399347,6f4b4eea5625f77a6d56c647
ad.choiceradio.com,AVAILABILITY,domains.list,domains.list,2023-05-12 03:40:55.726687,6f4b4eea5625f77a6d56c647
ad.cooks.com,AVAILABILITY,domains.list,domains.list,2023-05-12 03:41:00.948285,6f4b4eea5625f77a6d56c647
ad.crwdcntrl.net,AVAILABILITY,domains.list,domains.list,2023-05-12 03:41:01.283231,6f4b4eea5625f77a6d56c647
ad.digitallook.com,AVAILABILITY,domains.list,domains.list,2023-05-12 03:41:01.854766,6f4b4eea5625f77a6d56c647
ad.domainfactory.de,AVAILABILITY,domains.list,domains.list,2023-05-12 03:41:22.375595,6f4b4eea5625f77a6d56c647
ad.f1cd.ru,AVAILABILITY,domains.list,domains.list,2023-05-12 03:41:23.790882,6f4b4eea5625f77a6d56c647
ad.flurry.com,AVAILABILITY,domains.list,domains.list,2023-05-12 03:41:24.231779,6f4b4eea5625f77a6d56c647
ad.foxnetworks.com,AVAILABILITY,domains.list,domains.list,2023-05-12 03:41:24.663014,6f4b4eea5625f77a6d56c647
ad.grafika.cz,AVAILABILITY,domains.list,domains.list,2023-05-12 03:41:45.787119,6f4b4eea5625f77a6d56c647
ad.hbv.de,AVAILABILITY,domains.list,domains.list,2023-05-12 03:42:06.121047,6f4b4eea5625f77a6d56c647
ad.hodomobile.com,AVAILABILITY,domains.list,domains.list,2023-05-12 03:42:10.110883,6f4b4eea5625f77a6d56c647
ad.hyena.cz,AVAILABILITY,domains.list,domains.list,2023-05-12 03:42:11.300753,6f4b4eea5625f77a6d56c647
ad.iinfo.cz,AVAILABILITY,domains.list,domains.list,2023-05-12 03:42:13.092435,6f4b4eea5625f77a6d56c647
ad.infoseek.com,AVAILABILITY,domains.list,domains.list,2023-05-12 03:42:13.924059,6f4b4eea5625f77a6d56c647
ad.jamster.co.uk,AVAILABILITY,domains.list,domains.list,2023-05-12 03:42:15.322809,6f4b4eea5625f77a6d56c647
ad.jetsoftware.com,AVAILABILITY,domains.list,domains.list,2023-05-12 03:42:15.691647,6f4b4eea5625f77a6d56c647
ad.keenspace.com,AVAILABILITY,domains.list,domains.list,2023-05-12 03:42:20.909049,6f4b4eea5625f77a6d56c647
ad.liveinternet.ru,AVAILABILITY,domains.list,domains.list,2023-05-12 03:42:41.792556,6f4b4eea5625f77a6d56c647
ad.lupa.cz,AVAILABILITY,domains.list,domains.list,2023-05-12 03:42:42.634367,6f4b4eea5625f77a6d56c647
ad.m5prod.net,AVAILABILITY,domains.list,domains.list,2023-05-12 03:42:43.430244,6f4b4eea5625f77a6d56c647
ad.media-servers.net,AVAILABILITY,domains.list,domains.list,2023-05-12 03:42:43.704593,6f4b4eea5625f77a6d56c647
ad.mediastorm.hu,AVAILABILITY,domains.list,domains.list,2023-05-12 03:42:47.844006,6f4b4eea5625f77a6d56c647
ad.mgd.de,AVAILABILITY,domains.list,domains.list,2023-05-12 03:42:48.600481,6f4b4eea5625f77a6d56c647
ad.musicmatch.com,AVAILABILITY,domains.list,domains.list,2023-05-12 03:42:48.958822,6f4b4eea5625f77a6d56c647
ad.nachtagenten.de,AVAILABILITY,domains.list,domains.list,2023-05-12 03:42:49.752812,6f4b4eea5625f77a6d56c647
ad.nozonedata.com,AVAILABILITY,domains.list,domains.list,2023-05-12 03:42:50.908360,6f4b4eea5625f77a6d56c647
ad.nttnavi.co.jp,AVAILABILITY,domains.list,domains.list,2023-05-12 03:43:11.727503,6f4b4eea5625f77a6d56c647
ad.nwt.cz,AVAILABILITY,domains.list,domains.list,2023-05-12 03:43:12.897645,6f4b4eea5625f77a6d56c647
ad.pandora.tv,AVAILABILITY,domains.list,domains.list,2023-05-12 03:43:13.543066,6f4b4eea5625f77a6d56c647
ad.playground.ru,AVAILABILITY,domains.list,domains.list,2023-05-12 03:43:21.347189,6f4b4eea5625f77a6d56c647
ad.profiwin.de,AVAILABILITY,domains.list,domains.list,2023-05-12 03:43:29.475357,6f4b4eea5625f77a6d56c647
ad.prv.pl,AVAILABILITY,domains.list,domains.list,2023-05-12 03:43:30.198817,6f4b4eea5625f77a6d56c647
ad.simgames.net,AVAILABILITY,domains.list,domains.list,2023-05-12 03:43:31.092843,6f4b4eea5625f77a6d56c647
ad.technoratimedia.com,AVAILABILITY,domains.list,domains.list,2023-05-12 03:43:31.984194,6f4b4eea5625f77a6d56c647
ad.thewheelof.com,AVAILABILITY,domains.list,domains.list,2023-05-12 03:43:33.429429,6f4b4eea5625f77a6d56c647
ad.turn.com,AVAILABILITY,domains.list,domains.list,2023-05-12 03:43:34.235068,6f4b4eea5625f77a6d56c647
ad.tv2.no,AVAILABILITY,domains.list,domains.list,2023-05-12 03:43:35.089568,6f4b4eea5625f77a6d56c647
ad.twitchguru.com,AVAILABILITY,domains.list,domains.list,2023-05-12 03:43:35.955934,6f4b4eea5625f77a6d56c647
ad.usatoday.com,AVAILABILITY,domains.list,domains.list,2023-05-12 03:43:36.373955,6f4b4eea5625f77a6d56c647
ad.virtual-nights.com,AVAILABILITY,domains.list,domains.list,2023-05-12 03:43:36.651138,6f4b4eea5625f77a6d56c647
ad.wavu.hu,AVAILABILITY,domains.list,domains.list,2023-05-12 03:43:57.592309,6f4b4eea5625f77a6d56c647
ad.weatherbug.com,AVAILABILITY,domains.list,domains.list,2023-05-12 03:43:58.000004,6f4b4eea5625f77a6d56c647
ad.wsod.com,AVAILABILITY,domains.list,domains.list,2023-05-12 03:43:58.465822,6f4b4eea5625f77a6d56c647
ad.wz.cz,AVAILABILITY,domains.list,domains.list,2023-05-12 03:43:59.445401,6f4b4eea5625f77a6d56c647
ad.yadro.ru,AVAILABILITY,domains.list,domains.list,2023-05-12 03:44:20.352974,6f4b4eea5625f77a6d56c647
ad.zanox.com,AVAILABILITY,domains.list,domains.list,2023-05-12 03:44:40.798272,6f4b4eea5625f77a6d56c647
ad0.bigmir.net,AVAILABILITY,domains.list,domains.list,2023-05-12 03:44:43.234788,6f4b4eea5625f77a6d56c647
ad01.mediacorpsingapore.com,AVAILABILITY,domains.list,domains.list,2023-05-12 03:45:03.570886,6f4b4eea5625f77a6d56c647
ad1.emediate.dk,AVAILABILITY,domains.list,domains.list,2023-05-12 03:45:24.642826,6f4b4eea5625f77a6d56c647
ad1.emule-project.org,AVAILABILITY,domains.list,domains.list,2023-05-12 03:45:24.903123,6f4b4eea5625f77a6d56c647
ad1.kde.cz,AVAILABILITY,domains.list,domains.list,2023-05-12 03:45:26.777601,6f4b4eea5625f77a6d56c647
ad2.iinfo.cz,AVAILABILITY,domains.list,domains.list,2023-05-12 03:45:27.647796,6f4b4eea5625f77a6d56c647
ad2.lupa.cz,AVAILABILITY,domains.list,domains.list,2023-05-12 03:45:28.946130,6f4b4eea5625f77a6d56c647
ad2flash.com,AVAILABILITY,domains.list,domains.list,2023-05-12 03:45:32.284780,6f4b4eea5625f77a6d56c647
ad2games.com,AVAILABILITY,domains.list,domains.list,2023-05-12 03:45:33.194957,6f4b4eea5625f77a6d56c647
ad3.iinfo.cz,AVAILABILITY,domains.list,domains.list,2023-05-12 03:45:34.150765,6f4b4eea5625f77a6d56c647
ad4game.com,AVAILABILITY,domains.list,domains.list,2023-05-12 03:45:35.169122,6f4b4eea5625f77a6d56c647
adaction.de,AVAILABILITY,domains.list,domains.list,2023-05-12 03:45:35.713384,6f4b4eea5625f77a6d56c647
adadvisor.net,AVAILABILITY,domains.list,domains.list,2023-05-12 03:45:36.060666,6f4b4eea5625f77a6d56c647
adap.tv,AVAILABILITY,domains.list,domains.list,2023-05-12 03:45:36.837126,6f4b4eea5625f77a6d56c647
adapt.tv,AVAILABILITY,domains.list,domains.list,2023-05-12 03:45:37.578959,6f4b4eea5625f77a6d56c647
adbanner.ro,AVAILABILITY,domains.list,domains.list,2023-05-12 03:45:38.141812,6f4b4eea5625f77a6d56c647
adbard.net,AVAILABILITY,domains.list,domains.list,2023-05-12 03:45:38.792419,6f4b4eea5625f77a6d56c647
adblade.com,AVAILABILITY,domains.list,domains.list,2023-05-12 03:45:39.289539,6f4b4eea5625f77a6d56c647
adblockanalytics.com,AVAILABILITY,domains.list,domains.list,2023-05-12 03:45:40.033943,6f4b4eea5625f77a6d56c647
adboost.net,AVAILABILITY,domains.list,domains.list,2023-05-12 03:45:53.882604,6f4b4eea5625f77a6d56c647
adbooth.net,AVAILABILITY,domains.list,domains.list,2023-05-12 03:45:54.345092,6f4b4eea5625f77a6d56c647
adbot.com,AVAILABILITY,domains.list,domains.list,2023-05-12 03:46:14.707935,6f4b4eea5625f77a6d56c647
adbrite.com,AVAILABILITY,domains.list,domains.list,2023-05-12 03:46:35.051337,6f4b4eea5625f77a6d56c647
adbroker.de,AVAILABILITY,domains.list,domains.list,2023-05-12 03:46:38.174918,6f4b4eea5625f77a6d56c647
adbunker.com,AVAILABILITY,domains.list,domains.list,2023-05-12 03:46:38.658668,6f4b4eea5625f77a6d56c647
adbutler.com,AVAILABILITY,domains.list,domains.list,2023-05-12 03:46:39.967715,6f4b4eea5625f77a6d56c647
adbutler.de,AVAILABILITY,domains.list,domains.list,2023-05-12 03:46:40.657084,6f4b4eea5625f77a6d56c647
adbuyer.com,AVAILABILITY,domains.list,domains.list,2023-05-12 03:47:00.975199,6f4b4eea5625f77a6d56c647
adbuyer3.lycos.com,AVAILABILITY,domains.list,domains.list,2023-05-12 03:47:01.671787,6f4b4eea5625f77a6d56c647
adcash.com,AVAILABILITY,domains.list,domains.list,2023-05-12 03:47:02.066867,6f4b4eea5625f77a6d56c647
adcast.deviantart.com,AVAILABILITY,domains.list,domains.list,2023-05-12 03:47:02.674258,6f4b4eea5625f77a6d56c647
adcel.vrvm.com,AVAILABILITY,domains.list,domains.list,2023-05-12 03:47:03.012431,6f4b4eea5625f77a6d56c647
adcell.de,AVAILABILITY,domains.list,domains.list,2023-05-12 03:47:04.456373,6f4b4eea5625f77a6d56c647
adcenter.net,AVAILABILITY,domains.list,domains.list,2023-05-12 03:47:05.265881,6f4b4eea5625f77a6d56c647
adcentriconline.com,AVAILABILITY,domains.list,domains.list,2023-05-12 03:47:06.018162,6f4b4eea5625f77a6d56c647
adcept.net,AVAILABILITY,domains.list,domains.list,2023-05-12 03:47:06.340341,6f4b4eea5625f77a6d56c647
adcito.com,AVAILABILITY,domains.list,domains.list,2023-05-12 03:47:07.005899,6f4b4eea5625f77a6d56c647
adclick.com,AVAILABILITY,domains.list,domains.list,2023-05-12 03:47:07.852325,6f4b4eea5625f77a6d56c647
adclient1.tucows.com,AVAILABILITY,domains.list,domains.list,2023-05-12 03:47:28.304477,6f4b4eea5625f77a6d56c647
adclix.org,AVAILABILITY,domains.list,domains.list,2023-05-12 03:47:28.613197,6f4b4eea5625f77a6d56c647
adcloud.net,AVAILABILITY,domains.list,domains.list,2023-05-12 03:47:28.980479,6f4b4eea5625f77a6d56c647
adcolony.com,AVAILABILITY,domains.list,domains.list,2023-05-12 03:47:29.906388,6f4b4eea5625f77a6d56c647
adcomplete.com,AVAILABILITY,domains.list,domains.list,2023-05-12 03:47:30.401232,6f4b4eea5625f77a6d56c647
adconion.com,AVAILABILITY,domains.list,domains.list,2023-05-12 03:47:50.804529,6f4b4eea5625f77a6d56c647
adcontent.gamespy.com,AVAILABILITY,domains.list,domains.list,2023-05-12 03:47:51.290747,6f4b4eea5625f77a6d56c647
adcycle.com,AVAILABILITY,domains.list,domains.list,2023-05-12 03:47:51.914842,6f4b4eea5625f77a6d56c647
add.newmedia.cz,AVAILABILITY,domains.list,domains.list,2023-05-12 03:47:54.314598,6f4b4eea5625f77a6d56c647
addash.co,AVAILABILITY,domains.list,domains.list,2023-05-12 03:47:54.649634,6f4b4eea5625f77a6d56c647
addealing.com,AVAILABILITY,domains.list,domains.list,2023-05-12 03:47:55.158086,6f4b4eea5625f77a6d56c647
addesktop.com,AVAILABILITY,domains.list,domains.list,2023-05-12 03:47:56.115730,6f4b4eea5625f77a6d56c647
addfreestats.com,AVAILABILITY,domains.list,domains.list,2023-05-12 03:48:07.795541,6f4b4eea5625f77a6d56c647
addme.com,AVAILABILITY,domains.list,domains.list,2023-05-12 03:48:09.335076,6f4b4eea5625f77a6d56c647
adecn.com,AVAILABILITY,domains.list,domains.list,2023-05-12 03:48:10.620885,6f4b4eea5625f77a6d56c647
ademails.com,AVAILABILITY,domains.list,domains.list,2023-05-12 03:48:12.580388,6f4b4eea5625f77a6d56c647
adengage.com,AVAILABILITY,domains.list,domains.list,2023-05-12 03:48:32.884108,6f4b4eea5625f77a6d56c647
adexpose.com,AVAILABILITY,domains.list,domains.list,2023-05-12 03:48:33.965989,6f4b4eea5625f77a6d56c647
adext.inkclub.com,AVAILABILITY,domains.list,domains.list,2023-05-12 03:48:35.046769,6f4b4eea5625f77a6d56c647
adf.ly,AVAILABILITY,domains.list,domains.list,2023-05-12 03:48:35.534872,6f4b4eea5625f77a6d56c647
adfactor.nl,AVAILABILITY,domains.list,domains.list,2023-05-12 03:48:36.024577,6f4b4eea5625f77a6d56c647
adflight.com,AVAILABILITY,domains.list,domains.list,2023-05-12 03:48:36.825634,6f4b4eea5625f77a6d56c647
adforce.com,AVAILABILITY,domains.list,domains.list,2023-05-12 03:48:37.878350,6f4b4eea5625f77a6d56c647
adform.com,AVAILABILITY,domains.list,domains.list,2023-05-12 03:48:39.946496,6f4b4eea5625f77a6d56c647
adgardener.com,AVAILABILITY,domains.list,domains.list,2023-05-12 03:48:40.757719,6f4b4eea5625f77a6d56c647
adgoto.com,AVAILABILITY,domains.list,domains.list,2023-05-12 03:48:41.596648,6f4b4eea5625f77a6d56c647
adgridwork.com,AVAILABILITY,domains.list,domains.list,2023-05-12 03:48:41.922226,6f4b4eea5625f77a6d56c647
adgroups.net,AVAILABILITY,domains.list,domains.list,2023-05-12 03:48:56.778117,6f4b4eea5625f77a6d56c647
adhese.be,AVAILABILITY,domains.list,domains.list,2023-05-12 03:48:58.011088,6f4b4eea5625f77a6d56c647
adhese.com,AVAILABILITY,domains.list,domains.list,2023-05-12 03:48:58.739790,6f4b4eea5625f77a6d56c647
adimage.guardian.co.uk,AVAILABILITY,domains.list,domains.list,2023-05-12 03:48:59.797590,6f4b4eea5625f77a6d56c647
adimages.been.com,AVAILABILITY,domains.list,domains.list,2023-05-12 03:49:00.262238,6f4b4eea5625f77a6d56c647
adimages.carsoup.com,AVAILABILITY,domains.list,domains.list,2023-05-12 03:49:00.644587,6f4b4eea5625f77a6d56c647
adimages.go.com,AVAILABILITY,domains.list,domains.list,2023-05-12 03:49:21.180274,6f4b4eea5625f77a6d56c647
adimages.homestore.com,AVAILABILITY,domains.list,domains.list,2023-05-12 03:49:21.732873,6f4b4eea5625f77a6d56c647
adimages.omroepzeeland.nl,AVAILABILITY,domains.list,domains.list,2023-05-12 03:49:22.249057,6f4b4eea5625f77a6d56c647
adimages.sanomawsoy.fi,AVAILABILITY,domains.list,domains.list,2023-05-12 03:49:42.830729,6f4b4eea5625f77a6d56c647
adimg.com.com,AVAILABILITY,domains.list,domains.list,2023-05-12 03:49:43.417664,6f4b4eea5625f77a6d56c647
adimg.uimserv.net,AVAILABILITY,domains.list,domains.list,2023-05-12 03:49:44.552287,6f4b4eea5625f77a6d56c647
adimg1.chosun.com,AVAILABILITY,domains.list,domains.list,2023-05-12 03:49:45.218761,6f4b4eea5625f77a6d56c647
adimgs.sapo.pt,AVAILABILITY,domains.list,domains.list,2023-05-12 03:49:46.248097,6f4b4eea5625f77a6d56c647
adimpact.com,AVAILABILITY,domains.list,domains.list,2023-05-12 03:49:46.862915,6f4b4eea5625f77a6d56c647
adinch.com,AVAILABILITY,domains.list,domains.list,2023-05-12 03:50:07.226811,6f4b4eea5625f77a6d56c647
adinjector.net,AVAILABILITY,domains.list,domains.list,2023-05-12 03:50:27.553782,6f4b4eea5625f77a6d56c647
adinterax.com,AVAILABILITY,domains.list,domains.list,2023-05-12 03:50:28.915760,6f4b4eea5625f77a6d56c647
adisfy.com,AVAILABILITY,domains.list,domains.list,2023-05-12 03:50:29.811641,6f4b4eea5625f77a6d56c647
adition.com,AVAILABILITY,domains.list,domains.list,2023-05-12 03:50:30.747768,6f4b4eea5625f77a6d56c647
adition.de,AVAILABILITY,domains.list,domains.list,2023-05-12 03:50:32.017903,6f4b4eea5625f77a6d56c647
adition.net,AVAILABILITY,domains.list,domains.list,2023-05-12 03:50:33.278299,6f4b4eea5625f77a6d56c647
adizio.com,AVAILABILITY,domains.list,domains.list,2023-05-12 03:50:34.115310,6f4b4eea5625f77a6d56c647
adjix.com,AVAILABILITY,domains.list,domains.list,2023-05-12 03:50:34.443617,6f4b4eea5625f77a6d56c647
adjug.com,AVAILABILITY,domains.list,domains.list,2023-05-12 03:50:54.865712,6f4b4eea5625f77a6d56c647
adjuggler.com,AVAILABILITY,domains.list,domains.list,2023-05-12 03:50:57.706108,6f4b4eea5625f77a6d56c647
adjuggler.yourdictionary.com,AVAILABILITY,domains.list,domains.list,2023-05-12 03:51:53.809990,6f4b4eea5625f77a6d56c647
adjustnetwork.com,AVAILABILITY,domains.list,domains.list,2023-05-12 03:51:54.330043,6f4b4eea5625f77a6d56c647
adk2.com,AVAILABILITY,domains.list,domains.list,2023-05-12 03:52:14.644335,6f4b4eea5625f77a6d56c647
adland.ru,AVAILABILITY,domains.list,domains.list,2023-05-12 03:52:35.657669,6f4b4eea5625f77a6d56c647
adlantic.nl,AVAILABILITY,domains.list,domains.list,2023-05-12 03:52:37.232569,6f4b4eea5625f77a6d56c647
adledge.com,AVAILABILITY,domains.list,domains.list,2023-05-12 03:52:37.566115,6f4b4eea5625f77a6d56c647
adlegend.com,AVAILABILITY,domains.list,domains.list,2023-05-12 03:52:57.869628,6f4b4eea5625f77a6d56c647
adlink.de,AVAILABILITY,domains.list,domains.list,2023-05-12 03:52:58.671214,6f4b4eea5625f77a6d56c647
adlog.com.com,AVAILABILITY,domains.list,domains.list,2023-05-12 03:52:59.154854,6f4b4eea5625f77a6d56c647
adloox.com,AVAILABILITY,domains.list,domains.list,2023-05-12 03:52:59.761380,6f4b4eea5625f77a6d56c647
adlooxtracking.com,AVAILABILITY,domains.list,domains.list,2023-05-12 03:53:00.034798,6f4b4eea5625f77a6d56c647
adlure.net,AVAILABILITY,domains.list,domains.list,2023-05-12 03:53:00.679118,6f4b4eea5625f77a6d56c647
admagnet.net,AVAILABILITY,domains.list,domains.list,2023-05-12 03:53:21.296069,6f4b4eea5625f77a6d56c647
admailtiser.com,AVAILABILITY,domains.list,domains.list,2023-05-12 03:53:21.606343,6f4b4eea5625f77a6d56c647
adman.gr,AVAILABILITY,domains.list,domains.list,2023-05-12 03:53:23.397188,6f4b4eea5625f77a6d56c647
adman.otenet.gr,AVAILABILITY,domains.list,domains.list,2023-05-12 03:53:44.406427,6f4b4eea5625f77a6d56c647
admanagement.ch,AVAILABILITY,domains.list,domains.list,2023-05-12 03:54:05.141795,6f4b4eea5625f77a6d56c647
admanager.btopenworld.com,AVAILABILITY,domains.list,domains.list,2023-05-12 03:54:25.748600,6f4b4eea5625f77a6d56c647
admanager.carsoup.com,AVAILABILITY,domains.list,domains.list,2023-05-12 03:54:26.055466,6f4b4eea5625f77a6d56c647
admarketplace.com,AVAILABILITY,domains.list,domains.list,2023-05-12 03:54:26.668971,6f4b4eea5625f77a6d56c647
admarketplace.net,AVAILABILITY,domains.list,domains.list,2023-05-12 03:54:27.174579,6f4b4eea5625f77a6d56c647
admarvel.com,AVAILABILITY,domains.list,domains.list,2023-05-12 03:54:47.519920,6f4b4eea5625f77a6d56c647
admarvel.s3.amazonaws.com,AVAILABILITY,domains.list,domains.list,2023-05-12 03:54:47.830753,6f4b4eea5625f77a6d56c647
admax.nexage.com,AVAILABILITY,domains.list,domains.list,2023-05-12 03:54:48.221626,6f4b4eea5625f77a6d56c647
admedia.com,AVAILABILITY,domains.list,domains.list,2023-05-12 03:54:49.148741,6f4b4eea5625f77a6d56c647
admedia.ro,AVAILABILITY,domains.list,domains.list,2023-05-12 03:54:58.712824,6f4b4eea5625f77a6d56c647
admedo.com,AVAILABILITY,domains.list,domains.list,2023-05-12 03:54:59.457558,6f4b4eea5625f77a6d56c647
admeld.com,AVAILABILITY,domains.list,domains.list,2023-05-12 03:54:59.754047,6f4b4eea5625f77a6d56c647
admeta.com,AVAILABILITY,domains.list,domains.list,2023-05-12 03:55:00.148276,6f4b4eea5625f77a6d56c647
admex.com,AVAILABILITY,domains.list,domains.list,2023-05-12 03:55:01.234524,6f4b4eea5625f77a6d56c647
adminder.com,AVAILABILITY,domains.list,domains.list,2023-05-12 03:55:02.537482,6f4b4eea5625f77a6d56c647
adminshop.com,AVAILABILITY,domains.list,domains.list,2023-05-12 03:55:03.061558,6f4b4eea5625f77a6d56c647
admized.com,AVAILABILITY,domains.list,domains.list,2023-05-12 03:55:04.027635,6f4b4eea5625f77a6d56c647
admob.com,AVAILABILITY,domains.list,domains.list,2023-05-12 03:55:04.415448,6f4b4eea5625f77a6d56c647
admobile.com,AVAILABILITY,domains.list,domains.list,2023-05-12 03:55:05.901069,6f4b4eea5625f77a6d56c647
admonitor.com,AVAILABILITY,domains.list,domains.list,2023-05-12 03:55:06.575222,6f4b4eea5625f77a6d56c647
admotion.com.ar,AVAILABILITY,domains.list,domains.list,2023-05-12 03:55:06.870665,6f4b4eea5625f77a6d56c647
admtpmp123.com,AVAILABILITY,domains.list,domains.list,2023-05-12 03:55:08.167700,6f4b4eea5625f77a6d56c647
admtpmp124.com,AVAILABILITY,domains.list,domains.list,2023-05-12 03:55:09.354737,6f4b4eea5625f77a6d56c647
adnection.com,AVAILABILITY,domains.list,domains.list,2023-05-12 03:55:10.020700,6f4b4eea5625f77a6d56c647
adnet-media.net,AVAILABILITY,domains.list,domains.list,2023-05-12 03:55:10.291318,6f4b4eea5625f77a6d56c647
adnet.asahi.com,AVAILABILITY,domains.list,domains.list,2023-05-12 03:55:30.697194,6f4b4eea5625f77a6d56c647
adnet.biz,AVAILABILITY,domains.list,domains.list,2023-05-12 03:55:32.203846,6f4b4eea5625f77a6d56c647
adnet.de,AVAILABILITY,domains.list,domains.list,2023-05-12 03:55:33.558065,6f4b4eea5625f77a6d56c647
adnet.ru,AVAILABILITY,domains.list,domains.list,2023-05-12 03:55:34.815979,6f4b4eea5625f77a6d56c647
adnetinteractive.com,AVAILABILITY,domains.list,domains.list,2023-05-12 03:55:35.665085,6f4b4eea5625f77a6d56c647
adnetwork.net,AVAILABILITY,domains.list,domains.list,2023-05-12 03:55:36.786232,6f4b4eea5625f77a6d56c647
adnetworkperformance.com,AVAILABILITY,domains.list,domains.list,2023-05-12 03:55:37.106267,6f4b4eea5625f77a6d56c647
adnews.maddog2000.de,AVAILABILITY,domains.list,domains.list,2023-05-12 03:55:37.969730,6f4b4eea5625f77a6d56c647
adnotch.com,AVAILABILITY,domains.list,domains.list,2023-05-12 03:55:38.327870,6f4b4eea5625f77a6d56c647
adnxs.com,AVAILABILITY,domains.list,domains.list,2023-05-12 03:55:38.626928,6f4b4eea5625f77a6d56c647
adocean.pl,AVAILABILITY,domains.list,domains.list,2023-05-12 03:55:43.552287,6f4b4eea5625f77a6d56c647
adonspot.com,AVAILABILITY,domains.list,domains.list,2023-05-12 03:56:03.881585,6f4b4eea5625f77a6d56c647
adoperator.com,AVAILABILITY,domains.list,domains.list,2023-05-12 03:56:04.462459,6f4b4eea5625f77a6d56c647
adorigin.com,AVAILABILITY,domains.list,domains.list,2023-05-12 03:56:05.765811,6f4b4eea5625f77a6d56c647
adpacks.com,AVAILABILITY,domains.list,domains.list,2023-05-12 03:56:06.071120,6f4b4eea5625f77a6d56c647
adpepper.dk,AVAILABILITY,domains.list,domains.list,2023-05-12 03:56:26.855282,6f4b4eea5625f77a6d56c647
adpepper.nl,AVAILABILITY,domains.list,domains.list,2023-05-12 03:56:28.625857,6f4b4eea5625f77a6d56c647
adperium.com,AVAILABILITY,domains.list,domains.list,2023-05-12 03:56:29.401615,6f4b4eea5625f77a6d56c647
adpia.vn,AVAILABILITY,domains.list,domains.list,2023-05-12 03:56:34.884983,6f4b4eea5625f77a6d56c647
adplus.co.id,AVAILABILITY,domains.list,domains.list,2023-05-12 03:56:36.570481,6f4b4eea5625f77a6d56c647
adplxmd.com,AVAILABILITY,domains.list,domains.list,2023-05-12 03:56:37.156689,6f4b4eea5625f77a6d56c647
adprimemedia.com,AVAILABILITY,domains.list,domains.list,2023-05-12 03:56:37.810102,6f4b4eea5625f77a6d56c647
adprofile.net,AVAILABILITY,domains.list,domains.list,2023-05-12 03:56:38.902964,6f4b4eea5625f77a6d56c647
adprojekt.pl,AVAILABILITY,domains.list,domains.list,2023-05-12 03:56:40.098032,6f4b4eea5625f77a6d56c647
adrazzi.com,AVAILABILITY,domains.list,domains.list,2023-05-12 03:56:41.067326,6f4b4eea5625f77a6d56c647
adreactor.com,AVAILABILITY,domains.list,domains.list,2023-05-12 03:56:41.943680,6f4b4eea5625f77a6d56c647
adremedy.com,AVAILABILITY,domains.list,domains.list,2023-05-12 03:56:43.579863,6f4b4eea5625f77a6d56c647
adreporting.com,AVAILABILITY,domains.list,domains.list,2023-05-12 03:56:44.060725,6f4b4eea5625f77a6d56c647
adrevolver.com,AVAILABILITY,domains.list,domains.list,2023-05-12 03:57:04.672845,6f4b4eea5625f77a6d56c647
adriver.ru,AVAILABILITY,domains.list,domains.list,2023-05-12 03:57:06.847665,6f4b4eea5625f77a6d56c647
adrolays.de,AVAILABILITY,domains.list,domains.list,2023-05-12 03:57:07.288132,6f4b4eea5625f77a6d56c647
adrotate.de,AVAILABILITY,domains.list,domains.list,2023-05-12 03:57:08.406076,6f4b4eea5625f77a6d56c647
adrotator.se,AVAILABILITY,domains.list,domains.list,2023-05-12 03:57:09.678152,6f4b4eea5625f77a6d56c647
ads-click.com,AVAILABILITY,domains.list,domains.list,2023-05-12 03:57:09.945562,6f4b4eea5625f77a6d56c647
ads.4tube.com,AVAILABILITY,domains.list,domains.list,2023-05-12 03:57:30.325602,6f4b4eea5625f77a6d56c647
ads.5ci.lt,AVAILABILITY,domains.list,domains.list,2023-05-12 03:57:51.350722,6f4b4eea5625f77a6d56c647
ads.abovetopsecret.com,AVAILABILITY,domains.list,domains.list,2023-05-12 03:57:51.952228,6f4b4eea5625f77a6d56c647
ads.aceweb.net,AVAILABILITY,domains.list,domains.list,2023-05-12 03:57:52.688992,6f4b4eea5625f77a6d56c647
ads.activestate.com,AVAILABILITY,domains.list,domains.list,2023-05-12 03:57:53.024805,6f4b4eea5625f77a6d56c647
ads.adfox.ru,AVAILABILITY,domains.list,domains.list,2023-05-12 03:57:53.809637,6f4b4eea5625f77a6d56c647
ads.administrator.de,AVAILABILITY,domains.list,domains.list,2023-05-12 03:57:54.270768,6f4b4eea5625f77a6d56c647
ads.adultfriendfinder.com,AVAILABILITY,domains.list,domains.list,2023-05-12 03:57:54.685416,6f4b4eea5625f77a6d56c647
ads.advance.net,AVAILABILITY,domains.list,domains.list,2023-05-12 03:57:55.121285,6f4b4eea5625f77a6d56c647
ads.adverline.com,AVAILABILITY,domains.list,domains.list,2023-05-12 03:57:56.028760,6f4b4eea5625f77a6d56c647
ads.affiliates.match.com,AVAILABILITY,domains.list,domains.list,2023-05-12 03:57:56.595295,6f4b4eea5625f77a6d56c647
ads.alt.com,AVAILABILITY,domains.list,domains.list,2023-05-12 03:57:57.096873,6f4b4eea5625f77a6d56c647
ads.amdmb.com,AVAILABILITY,domains.list,domains.list,2023-05-12 03:58:18.094273,6f4b4eea5625f77a6d56c647
ads.amigos.com,AVAILABILITY,domains.list,domains.list,2023-05-12 03:58:18.398471,6f4b4eea5625f77a6d56c647
ads.apn.co.nz,AVAILABILITY,domains.list,domains.list,2023-05-12 03:58:19.106481,6f4b4eea5625f77a6d56c647
ads.appsgeyser.com,AVAILABILITY,domains.list,domains.list,2023-05-12 03:58:19.451746,6f4b4eea5625f77a6d56c647
ads.as4x.tmcs.net,AVAILABILITY,domains.list,domains.list,2023-05-12 03:58:39.850499,6f4b4eea5625f77a6d56c647
ads.as4x.tmcs.ticketmaster.com,AVAILABILITY,domains.list,domains.list,2023-05-12 03:59:00.218665,6f4b4eea5625f77a6d56c647
ads.asiafriendfinder.com,AVAILABILITY,domains.list,domains.list,2023-05-12 03:59:00.649904,6f4b4eea5625f77a6d56c647
ads.aspalliance.com,AVAILABILITY,domains.list,domains.list,2023-05-12 03:59:01.147829,6f4b4eea5625f77a6d56c647
ads.avazu.net,AVAILABILITY,domains.list,domains.list,2023-05-12 03:59:01.475389,6f4b4eea5625f77a6d56c647
ads.belointeractive.com,AVAILABILITY,domains.list,domains.list,2023-05-12 03:59:02.170736,6f4b4eea5625f77a6d56c647
ads.betfair.com,AVAILABILITY,domains.list,domains.list,2023-05-12 03:59:03.253875,6f4b4eea5625f77a6d56c647
ads.betfair.com.au,AVAILABILITY,domains.list,domains.list,2023-05-12 03:59:03.912678,6f4b4eea5625f77a6d56c647
ads.bigchurch.com,AVAILABILITY,domains.list,domains.list,2023-05-12 03:59:04.216037,6f4b4eea5625f77a6d56c647
ads.bigfoot.com,AVAILABILITY,domains.list,domains.list,2023-05-12 03:59:24.605589,6f4b4eea5625f77a6d56c647
ads.bing.com,AVAILABILITY,domains.list,domains.list,2023-05-12 03:59:26.583274,6f4b4eea5625f77a6d56c647
ads.bittorrent.com,AVAILABILITY,domains.list,domains.list,2023-05-12 03:59:28.475515,6f4b4eea5625f77a6d56c647
ads.blog.com,AVAILABILITY,domains.list,domains.list,2023-05-12 03:59:29.005961,6f4b4eea5625f77a6d56c647
ads.bluemountain.com,AVAILABILITY,domains.list,domains.list,2023-05-12 03:59:49.580386,6f4b4eea5625f77a6d56c647
ads.bluesq.com,AVAILABILITY,domains.list,domains.list,2023-05-12 03:59:50.260293,6f4b4eea5625f77a6d56c647
ads.boylesports.com,AVAILABILITY,domains.list,domains.list,2023-05-12 03:59:51.613772,6f4b4eea5625f77a6d56c647
ads.brabys.com,AVAILABILITY,domains.list,domains.list,2023-05-12 03:59:58.716263,6f4b4eea5625f77a6d56c647
ads.brazzers.com,AVAILABILITY,domains.list,domains.list,2023-05-12 03:59:59.201429,6f4b4eea5625f77a6d56c647
ads.bumq.com,AVAILABILITY,domains.list,domains.list,2023-05-12 04:00:01.134108,6f4b4eea5625f77a6d56c647
ads.canoe.ca,AVAILABILITY,domains.list,domains.list,2023-05-12 04:00:02.747244,6f4b4eea5625f77a6d56c647
ads.casinocity.com,AVAILABILITY,domains.list,domains.list,2023-05-12 04:00:05.415058,6f4b4eea5625f77a6d56c647
ads.cbc.ca,AVAILABILITY,domains.list,domains.list,2023-05-12 04:00:25.787114,6f4b4eea5625f77a6d56c647
ads.cc,AVAILABILITY,domains.list,domains.list,2023-05-12 04:00:26.455094,6f4b4eea5625f77a6d56c647
ads.cc-dt.com,AVAILABILITY,domains.list,domains.list,2023-05-12 04:00:26.730467,6f4b4eea5625f77a6d56c647
ads.cdn.rovio.com,AVAILABILITY,domains.list,domains.list,2023-05-12 04:00:27.050775,6f4b4eea5625f77a6d56c647
ads.centraliprom.com,AVAILABILITY,domains.list,domains.list,2023-05-12 04:00:27.554055,6f4b4eea5625f77a6d56c647
ads.channel4.com,AVAILABILITY,domains.list,domains.list,2023-05-12 04:00:47.977160,6f4b4eea5625f77a6d56c647
ads.co.com,AVAILABILITY,domains.list,domains.list,2023-05-12 04:00:48.695809,6f4b4eea5625f77a6d56c647
ads.com.com,AVAILABILITY,domains.list,domains.list,2023-05-12 04:00:49.233236,6f4b4eea5625f77a6d56c647
ads.contactmusic.com,AVAILABILITY,domains.list,domains.list,2023-05-12 04:01:09.560154,6f4b4eea5625f77a6d56c647
ads.contextweb.com,AVAILABILITY,domains.list,domains.list,2023-05-12 04:01:09.903200,6f4b4eea5625f77a6d56c647
ads.crakmedia.com,AVAILABILITY,domains.list,domains.list,2023-05-12 04:01:10.216426,6f4b4eea5625f77a6d56c647
ads.creative-serving.com,AVAILABILITY,domains.list,domains.list,2023-05-12 04:01:10.500377,6f4b4eea5625f77a6d56c647
ads.cybersales.cz,AVAILABILITY,domains.list,domains.list,2023-05-12 04:01:31.347435,6f4b4eea5625f77a6d56c647
ads.dada.it,AVAILABILITY,domains.list,domains.list,2023-05-12 04:01:52.260033,6f4b4eea5625f77a6d56c647
ads.datingyes.com,AVAILABILITY,domains.list,domains.list,2023-05-12 04:01:52.837764,6f4b4eea5625f77a6d56c647
ads.deltha.hu,AVAILABILITY,domains.list,domains.list,2023-05-12 04:01:53.590990,6f4b4eea5625f77a6d56c647
ads.dennisnet.co.uk,AVAILABILITY,domains.list,domains.list,2023-05-12 04:01:53.983579,6f4b4eea5625f77a6d56c647
ads.desmoinesregister.com,AVAILABILITY,domains.list,domains.list,2023-05-12 04:01:54.598750,6f4b4eea5625f77a6d56c647
ads.detelefoongids.nl,AVAILABILITY,domains.list,domains.list,2023-05-12 04:02:15.335541,6f4b4eea5625f77a6d56c647
ads.deviantart.com,AVAILABILITY,domains.list,domains.list,2023-05-12 04:02:15.799264,6f4b4eea5625f77a6d56c647
ads.digital-digest.com,AVAILABILITY,domains.list,domains.list,2023-05-12 04:02:16.076408,6f4b4eea5625f77a6d56c647
ads.digitalmedianet.com,AVAILABILITY,domains.list,domains.list,2023-05-12 04:02:16.473319,6f4b4eea5625f77a6d56c647
ads.digitalpoint.com,AVAILABILITY,domains.list,domains.list,2023-05-12 04:02:17.368686,6f4b4eea5625f77a6d56c647
ads.directionsmag.com,AVAILABILITY,domains.list,domains.list,2023-05-12 04:02:18.619946,6f4b4eea5625f77a6d56c647
ads.domeus.com,AVAILABILITY,domains.list,domains.list,2023-05-12 04:02:19.391810,6f4b4eea5625f77a6d56c647
ads.eagletribune.com,AVAILABILITY,domains.list,domains.list,2023-05-12 04:02:19.726845,6f4b4eea5625f77a6d56c647
ads.easy-forex.com,AVAILABILITY,domains.list,domains.list,2023-05-12 04:02:20.020296,6f4b4eea5625f77a6d56c647
ads.economist.com,AVAILABILITY,domains.list,domains.list,2023-05-12 04:02:20.668149,6f4b4eea5625f77a6d56c647
ads.edbindex.dk,AVAILABILITY,domains.list,domains.list,2023-05-12 04:02:42.905632,6f4b4eea5625f77a6d56c647
ads.egrana.com.br,AVAILABILITY,domains.list,domains.list,2023-05-12 04:02:43.818905,6f4b4eea5625f77a6d56c647
ads.einmedia.com,AVAILABILITY,domains.list,domains.list,2023-05-12 04:02:44.303965,6f4b4eea5625f77a6d56c647
ads.electrocelt.com,AVAILABILITY,domains.list,domains.list,2023-05-12 04:02:44.631756,6f4b4eea5625f77a6d56c647
ads.elitetrader.com,AVAILABILITY,domains.list,domains.list,2023-05-12 04:03:04.969054,6f4b4eea5625f77a6d56c647
ads.emirates.net.ae,AVAILABILITY,domains.list,domains.list,2023-05-12 04:03:26.472068,6f4b4eea5625f77a6d56c647
ads.epltalk.com,AVAILABILITY,domains.list,domains.list,2023-05-12 04:03:27.096397,6f4b4eea5625f77a6d56c647
ads.eu.msn.com,AVAILABILITY,domains.list,domains.list,2023-05-12 04:03:27.506452,6f4b4eea5625f77a6d56c647
ads.expat-blog.biz,AVAILABILITY,domains.list,domains.list,2023-05-12 04:03:27.894327,6f4b4eea5625f77a6d56c647
ads.fairfax.com.au,AVAILABILITY,domains.list,domains.list,2023-05-12 04:03:29.587045,6f4b4eea5625f77a6d56c647
ads.faxo.com,AVAILABILITY,domains.list,domains.list,2023-05-12 04:03:30.070434,6f4b4eea5625f77a6d56c647
ads.ferianc.com,AVAILABILITY,domains.list,domains.list,2023-05-12 04:03:31.154787,6f4b4eea5625f77a6d56c647
ads.filmup.com,AVAILABILITY,domains.list,domains.list,2023-05-12 04:03:32.712121,6f4b4eea5625f77a6d56c647
ads.financialcontent.com,AVAILABILITY,domains.list,domains.list,2023-05-12 04:03:33.127702,6f4b4eea5625f77a6d56c647
ads.flooble.com,AVAILABILITY,domains.list,domains.list,2023-05-12 04:03:53.502142,6f4b4eea5625f77a6d56c647
ads.fool.com,AVAILABILITY,domains.list,domains.list,2023-05-12 04:03:54.138427,6f4b4eea5625f77a6d56c647
ads.footymad.net,AVAILABILITY,domains.list,domains.list,2023-05-12 04:04:14.502427,6f4b4eea5625f77a6d56c647
ads.forbes.net,AVAILABILITY,domains.list,domains.list,2023-05-12 04:04:35.006778,6f4b4eea5625f77a6d56c647
ads.fortunecity.com,AVAILABILITY,domains.list,domains.list,2023-05-12 04:04:55.513348,6f4b4eea5625f77a6d56c647
ads.fotosidan.se,AVAILABILITY,domains.list,domains.list,2023-05-12 04:04:56.232545,6f4b4eea5625f77a6d56c647
ads.foxnetworks.com,AVAILABILITY,domains.list,domains.list,2023-05-12 04:04:56.908872,6f4b4eea5625f77a6d56c647
ads.friendfinder.com,AVAILABILITY,domains.list,domains.list,2023-05-12 04:04:57.327447,6f4b4eea5625f77a6d56c647
ads.gamecity.net,AVAILABILITY,domains.list,domains.list,2023-05-12 04:04:58.035350,6f4b4eea5625f77a6d56c647
ads.gamespyid.com,AVAILABILITY,domains.list,domains.list,2023-05-12 04:04:58.584173,6f4b4eea5625f77a6d56c647
ads.gamigo.de,AVAILABILITY,domains.list,domains.list,2023-05-12 04:05:19.081905,6f4b4eea5625f77a6d56c647
ads.gaming-universe.de,AVAILABILITY,domains.list,domains.list,2023-05-12 04:05:19.389816,6f4b4eea5625f77a6d56c647
ads.geekswithblogs.net,AVAILABILITY,domains.list,domains.list,2023-05-12 04:05:19.877321,6f4b4eea5625f77a6d56c647
ads.gmodules.com,AVAILABILITY,domains.list,domains.list,2023-05-12 04:05:20.513242,6f4b4eea5625f77a6d56c647
ads.goyk.com,AVAILABILITY,domains.list,domains.list,2023-05-12 04:05:20.975541,6f4b4eea5625f77a6d56c647
ads.gplusmedia.com,AVAILABILITY,domains.list,domains.list,2023-05-12 04:05:41.312295,6f4b4eea5625f77a6d56c647
ads.gradfinder.com,AVAILABILITY,domains.list,domains.list,2023-05-12 04:05:41.714272,6f4b4eea5625f77a6d56c647
ads.grindinggears.com,AVAILABILITY,domains.list,domains.list,2023-05-12 04:05:42.063858,6f4b4eea5625f77a6d56c647
ads.gsm-exchange.com,AVAILABILITY,domains.list,domains.list,2023-05-12 04:05:42.436751,6f4b4eea5625f77a6d56c647
ads.gsmexchange.com,AVAILABILITY,domains.list,domains.list,2023-05-12 04:05:43.388334,6f4b4eea5625f77a6d56c647
ads.guardian.co.uk,AVAILABILITY,domains.list,domains.list,2023-05-12 04:06:03.763404,6f4b4eea5625f77a6d56c647
ads.guardianunlimited.co.uk,AVAILABILITY,domains.list,domains.list,2023-05-12 04:06:04.279214,6f4b4eea5625f77a6d56c647
ads.guru3d.com,AVAILABILITY,domains.list,domains.list,2023-05-12 04:06:24.666018,6f4b4eea5625f77a6d56c647
ads.hbv.de,AVAILABILITY,domains.list,domains.list,2023-05-12 04:06:45.183864,6f4b4eea5625f77a6d56c647
ads.hearstmags.com,AVAILABILITY,domains.list,domains.list,2023-05-12 04:08:13.401071,6f4b4eea5625f77a6d56c647
ads.heartlight.org,AVAILABILITY,domains.list,domains.list,2023-05-12 04:08:14.020877,6f4b4eea5625f77a6d56c647
ads.heias.com,AVAILABILITY,domains.list,domains.list,2023-05-12 04:08:14.501475,6f4b4eea5625f77a6d56c647
ads.hollywood.com,AVAILABILITY,domains.list,domains.list,2023-05-12 04:08:15.106674,6f4b4eea5625f77a6d56c647
ads.horsehero.com,AVAILABILITY,domains.list,domains.list,2023-05-12 04:08:15.692983,6f4b4eea5625f77a6d56c647
ads.horyzon-media.com,AVAILABILITY,domains.list,domains.list,2023-05-12 04:08:15.991300,6f4b4eea5625f77a6d56c647
ads.ibest.com.br,AVAILABILITY,domains.list,domains.list,2023-05-12 04:08:16.862280,6f4b4eea5625f77a6d56c647
ads.ibryte.com,AVAILABILITY,domains.list,domains.list,2023-05-12 04:08:37.460062,6f4b4eea5625f77a6d56c647
ads.icq.com,AVAILABILITY,domains.list,domains.list,2023-05-12 04:08:41.212361,6f4b4eea5625f77a6d56c647
ads.ign.com,AVAILABILITY,domains.list,domains.list,2023-05-12 04:08:41.649702,6f4b4eea5625f77a6d56c647
ads.imgur.com,AVAILABILITY,domains.list,domains.list,2023-05-12 04:08:42.468994,6f4b4eea5625f77a6d56c647
ads.infi.net,AVAILABILITY,domains.list,domains.list,2023-05-12 04:09:03.355095,6f4b4eea5625f77a6d56c647
ads.internic.co.il,AVAILABILITY,domains.list,domains.list,2023-05-12 04:09:04.481680,6f4b4eea5625f77a6d56c647
ads.ipowerweb.com,AVAILABILITY,domains.list,domains.list,2023-05-12 04:09:24.975103,6f4b4eea5625f77a6d56c647
ads.isoftmarketing.com,AVAILABILITY,domains.list,domains.list,2023-05-12 04:09:25.371698,6f4b4eea5625f77a6d56c647
ads.itv.com,AVAILABILITY,domains.list,domains.list,2023-05-12 04:09:45.829229,6f4b4eea5625f77a6d56c647
ads.iwon.com,AVAILABILITY,domains.list,domains.list,2023-05-12 04:09:50.862866,6f4b4eea5625f77a6d56c647
ads.jewishfriendfinder.com,AVAILABILITY,domains.list,domains.list,2023-05-12 04:09:51.270480,6f4b4eea5625f77a6d56c647
ads.jobsite.co.uk,AVAILABILITY,domains.list,domains.list,2023-05-12 04:09:52.015318,6f4b4eea5625f77a6d56c647
ads.justhungry.com,AVAILABILITY,domains.list,domains.list,2023-05-12 04:09:53.384355,6f4b4eea5625f77a6d56c647
ads.kaktuz.net,AVAILABILITY,domains.list,domains.list,2023-05-12 04:09:53.963745,6f4b4eea5625f77a6d56c647
ads.kelbymediagroup.com,AVAILABILITY,domains.list,domains.list,2023-05-12 04:09:54.376125,6f4b4eea5625f77a6d56c647
ads.kinxxx.com,AVAILABILITY,domains.list,domains.list,2023-05-12 04:09:55.271681,6f4b4eea5625f77a6d56c647
ads.kompass.com,AVAILABILITY,domains.list,domains.list,2023-05-12 04:09:56.611576,6f4b4eea5625f77a6d56c647
ads.krawall.de,AVAILABILITY,domains.list,domains.list,2023-05-12 04:10:00.115608,6f4b4eea5625f77a6d56c647
ads.lesbianpersonals.com,AVAILABILITY,domains.list,domains.list,2023-05-12 04:10:00.517196,6f4b4eea5625f77a6d56c647
ads.linuxjournal.com,AVAILABILITY,domains.list,domains.list,2023-05-12 04:10:01.248245,6f4b4eea5625f77a6d56c647
ads.livenation.com,AVAILABILITY,domains.list,domains.list,2023-05-12 04:10:22.240921,6f4b4eea5625f77a6d56c647
ads.mariuana.it,AVAILABILITY,domains.list,domains.list,2023-05-12 04:10:43.605253,6f4b4eea5625f77a6d56c647
ads.massinfra.nl,AVAILABILITY,domains.list,domains.list,2023-05-12 04:10:44.801839,6f4b4eea5625f77a6d56c647
ads.mcafee.com,AVAILABILITY,domains.list,domains.list,2023-05-12 04:11:05.487121,6f4b4eea5625f77a6d56c647
ads.mediaodyssey.com,AVAILABILITY,domains.list,domains.list,2023-05-12 04:11:06.824030,6f4b4eea5625f77a6d56c647
ads.medienhaus.de,AVAILABILITY,domains.list,domains.list,2023-05-12 04:11:07.999993,6f4b4eea5625f77a6d56c647
ads.mgnetwork.com,AVAILABILITY,domains.list,domains.list,2023-05-12 04:11:08.431642,6f4b4eea5625f77a6d56c647
ads.mmania.com,AVAILABILITY,domains.list,domains.list,2023-05-12 04:11:29.321422,6f4b4eea5625f77a6d56c647
ads.msn.com,AVAILABILITY,domains.list,domains.list,2023-05-12 04:11:30.427488,6f4b4eea5625f77a6d56c647
ads.multimania.lycos.fr,AVAILABILITY,domains.list,domains.list,2023-05-12 04:11:31.760360,6f4b4eea5625f77a6d56c647
ads.networksolutions.com,AVAILABILITY,domains.list,domains.list,2023-05-12 04:11:52.537194,6f4b4eea5625f77a6d56c647
ads.newgrounds.com,AVAILABILITY,domains.list,domains.list,2023-05-12 04:11:53.293589,6f4b4eea5625f77a6d56c647
ads.newmedia.cz,AVAILABILITY,domains.list,domains.list,2023-05-12 04:11:54.849642,6f4b4eea5625f77a6d56c647
ads.newsint.co.uk,AVAILABILITY,domains.list,domains.list,2023-05-12 04:12:15.383933,6f4b4eea5625f77a6d56c647
ads.newsquest.co.uk,AVAILABILITY,domains.list,domains.list,2023-05-12 04:12:16.213166,6f4b4eea5625f77a6d56c647
ads.nj.com,AVAILABILITY,domains.list,domains.list,2023-05-12 04:12:16.911843,6f4b4eea5625f77a6d56c647
ads.nola.com,AVAILABILITY,domains.list,domains.list,2023-05-12 04:12:17.348513,6f4b4eea5625f77a6d56c647
ads.nordichardware.com,AVAILABILITY,domains.list,domains.list,2023-05-12 04:12:37.995378,6f4b4eea5625f77a6d56c647
ads.nordichardware.se,AVAILABILITY,domains.list,domains.list,2023-05-12 04:12:39.792621,6f4b4eea5625f77a6d56c647
ads.nyi.net,AVAILABILITY,domains.list,domains.list,2023-05-12 04:13:01.858695,6f4b4eea5625f77a6d56c647
ads.nytimes.com,AVAILABILITY,domains.list,domains.list,2023-05-12 04:13:02.570925,6f4b4eea5625f77a6d56c647
ads.nyx.cz,AVAILABILITY,domains.list,domains.list,2023-05-12 04:13:06.393394,6f4b4eea5625f77a6d56c647
ads.nzcity.co.nz,AVAILABILITY,domains.list,domains.list,2023-05-12 04:13:08.074845,6f4b4eea5625f77a6d56c647
ads.o2.pl,AVAILABILITY,domains.list,domains.list,2023-05-12 04:13:10.254941,6f4b4eea5625f77a6d56c647
ads.oddschecker.com,AVAILABILITY,domains.list,domains.list,2023-05-12 04:13:11.363447,6f4b4eea5625f77a6d56c647
ads.okcimg.com,AVAILABILITY,domains.list,domains.list,2023-05-12 04:13:31.810751,6f4b4eea5625f77a6d56c647
ads.ole.com,AVAILABILITY,domains.list,domains.list,2023-05-12 04:13:52.461771,6f4b4eea5625f77a6d56c647
ads.oneplace.com,AVAILABILITY,domains.list,domains.list,2023-05-12 04:14:12.991856,6f4b4eea5625f77a6d56c647
ads.optusnet.com.au,AVAILABILITY,domains.list,domains.list,2023-05-12 04:14:34.453901,6f4b4eea5625f77a6d56c647
ads.outpersonals.com,AVAILABILITY,domains.list,domains.list,2023-05-12 04:14:34.861043,6f4b4eea5625f77a6d56c647
ads.p161.net,AVAILABILITY,domains.list,domains.list,2023-05-12 04:14:35.586907,6f4b4eea5625f77a6d56c647
ads.passion.com,AVAILABILITY,domains.list,domains.list,2023-05-12 04:14:36.007919,6f4b4eea5625f77a6d56c647
ads.phpclasses.org,AVAILABILITY,domains.list,domains.list,2023-05-12 04:14:37.737657,6f4b4eea5625f77a6d56c647
ads.pickmeup-ltd.com,AVAILABILITY,domains.list,domains.list,2023-05-12 04:14:38.029035,6f4b4eea5625f77a6d56c647
ads.planet.nl,AVAILABILITY,domains.list,domains.list,2023-05-12 04:14:59.302281,6f4b4eea5625f77a6d56c647
ads.pni.com,AVAILABILITY,domains.list,domains.list,2023-05-12 04:15:19.737425,6f4b4eea5625f77a6d56c647
ads.pof.com,AVAILABILITY,domains.list,domains.list,2023-05-12 04:15:20.313727,6f4b4eea5625f77a6d56c647
ads.powweb.com,AVAILABILITY,domains.list,domains.list,2023-05-12 04:15:40.885255,6f4b4eea5625f77a6d56c647
ads.primissima.it,AVAILABILITY,domains.list,domains.list,2023-05-12 04:16:01.833753,6f4b4eea5625f77a6d56c647
ads.printscr.com,AVAILABILITY,domains.list,domains.list,2023-05-12 04:16:02.346911,6f4b4eea5625f77a6d56c647
ads.prisacom.com,AVAILABILITY,domains.list,domains.list,2023-05-12 04:16:22.723288,6f4b4eea5625f77a6d56c647
ads.program3.com,AVAILABILITY,domains.list,domains.list,2023-05-12 04:16:23.173077,6f4b4eea5625f77a6d56c647
ads.psd2html.com,AVAILABILITY,domains.list,domains.list,2023-05-12 04:16:23.842884,6f4b4eea5625f77a6d56c647
ads.pushplay.com,AVAILABILITY,domains.list,domains.list,2023-05-12 04:16:24.303105,6f4b4eea5625f77a6d56c647
ads.quoka.de,AVAILABILITY,domains.list,domains.list,2023-05-12 04:16:25.376760,6f4b4eea5625f77a6d56c647
ads.rcs.it,AVAILABILITY,domains.list,domains.list,2023-05-12 04:16:46.764665,6f4b4eea5625f77a6d56c647
ads.recoletos.es,AVAILABILITY,domains.list,domains.list,2023-05-12 04:17:12.332195,6f4b4eea5625f77a6d56c647
ads.rediff.com,AVAILABILITY,domains.list,domains.list,2023-05-12 04:17:13.046077,6f4b4eea5625f77a6d56c647
ads.redlightcenter.com,AVAILABILITY,domains.list,domains.list,2023-05-12 04:17:13.526238,6f4b4eea5625f77a6d56c647
ads.rpgdot.com,AVAILABILITY,domains.list,domains.list,2023-05-12 04:17:15.322107,6f4b4eea5625f77a6d56c647
ads.s3.sitepoint.com,AVAILABILITY,domains.list,domains.list,2023-05-12 04:17:17.022790,6f4b4eea5625f77a6d56c647
ads.satyamonline.com,AVAILABILITY,domains.list,domains.list,2023-05-12 04:17:17.581118,6f4b4eea5625f77a6d56c647
ads.savannahnow.com,AVAILABILITY,domains.list,domains.list,2023-05-12 04:17:18.355444,6f4b4eea5625f77a6d56c647
ads.saymedia.com,AVAILABILITY,domains.list,domains.list,2023-05-12 04:17:18.796381,6f4b4eea5625f77a6d56c647
ads.scifi.com,AVAILABILITY,domains.list,domains.list,2023-05-12 04:17:41.163106,6f4b4eea5625f77a6d56c647
ads.seniorfriendfinder.com,AVAILABILITY,domains.list,domains.list,2023-05-12 04:17:41.550045,6f4b4eea5625f77a6d56c647
ads.sexinyourcity.com,AVAILABILITY,domains.list,domains.list,2023-05-12 04:18:01.986606,6f4b4eea5625f77a6d56c647
ads.shizmoo.com,AVAILABILITY,domains.list,domains.list,2023-05-12 04:18:02.627140,6f4b4eea5625f77a6d56c647
ads.shopstyle.com,AVAILABILITY,domains.list,domains.list,2023-05-12 04:18:03.437646,6f4b4eea5625f77a6d56c647
ads.sift.co.uk,AVAILABILITY,domains.list,domains.list,2023-05-12 04:18:03.876349,6f4b4eea5625f77a6d56c647
ads.smartclick.com,AVAILABILITY,domains.list,domains.list,2023-05-12 04:18:04.617818,6f4b4eea5625f77a6d56c647
ads.soft32.com,AVAILABILITY,domains.list,domains.list,2023-05-12 04:18:05.941665,6f4b4eea5625f77a6d56c647
ads.space.com,AVAILABILITY,domains.list,domains.list,2023-05-12 04:18:06.354244,6f4b4eea5625f77a6d56c647
ads.stackoverflow.com,AVAILABILITY,domains.list,domains.list,2023-05-12 04:18:07.225641,6f4b4eea5625f77a6d56c647
ads.struq.com,AVAILABILITY,domains.list,domains.list,2023-05-12 04:18:07.764182,6f4b4eea5625f77a6d56c647
ads.sun.com,AVAILABILITY,domains.list,domains.list,2023-05-12 04:18:28.241223,6f4b4eea5625f77a6d56c647
ads.supplyframe.com,AVAILABILITY,domains.list,domains.list,2023-05-12 04:18:28.728158,6f4b4eea5625f77a6d56c647
ads.tahono.com,AVAILABILITY,domains.list,domains.list,2023-05-12 04:18:49.286844,6f4b4eea5625f77a6d56c647
ads.themovienation.com,AVAILABILITY,domains.list,domains.list,2023-05-12 04:18:50.684521,6f4b4eea5625f77a6d56c647
ads.thestar.com,AVAILABILITY,domains.list,domains.list,2023-05-12 04:18:51.117992,6f4b4eea5625f77a6d56c647
ads.tjwi.info,AVAILABILITY,domains.list,domains.list,2023-05-12 04:18:52.015457,6f4b4eea5625f77a6d56c647
ads.tmcs.net,AVAILABILITY,domains.list,domains.list,2023-05-12 04:19:12.466728,6f4b4eea5625f77a6d56c647
ads.townhall.com,AVAILABILITY,domains.list,domains.list,2023-05-12 04:19:32.956331,6f4b4eea5625f77a6d56c647
ads.trinitymirror.co.uk,AVAILABILITY,domains.list,domains.list,2023-05-12 04:19:33.437222,6f4b4eea5625f77a6d56c647
ads.tripod.com,AVAILABILITY,domains.list,domains.list,2023-05-12 04:19:34.781327,6f4b4eea5625f77a6d56c647
ads.tripod.lycos.co.uk,AVAILABILITY,domains.list,domains.list,2023-05-12 04:19:36.913551,6f4b4eea5625f77a6d56c647
ads.tripod.lycos.de,AVAILABILITY,domains.list,domains.list,2023-05-12 04:19:38.924301,6f4b4eea5625f77a6d56c647
ads.tripod.lycos.es,AVAILABILITY,domains.list,domains.list,2023-05-12 04:19:40.238707,6f4b4eea5625f77a6d56c647
ads.tripod.lycos.it,AVAILABILITY,domains.list,domains.list,2023-05-12 04:19:41.629503,6f4b4eea5625f77a6d56c647
ads.tripod.lycos.nl,AVAILABILITY,domains.list,domains.list,2023-05-12 04:19:42.768213,6f4b4eea5625f77a6d56c647
ads.tso.dennisnet.co.uk,AVAILABILITY,domains.list,domains.list,2023-05-12 04:19:43.394961,6f4b4eea5625f77a6d56c647
ads.uknetguide.co.uk,AVAILABILITY,domains.list,domains.list,2023-05-12 04:19:43.821552,6f4b4eea5625f77a6d56c647
ads.ultimate-guitar.com,AVAILABILITY,domains.list,domains.list,2023-05-12 04:19:44.115350,6f4b4eea5625f77a6d56c647
ads.uncrate.com,AVAILABILITY,domains.list,domains.list,2023-05-12 04:19:44.706033,6f4b4eea5625f77a6d56c647
ads.undertone.com,AVAILABILITY,domains.list,domains.list,2023-05-12 04:19:45.232856,6f4b4eea5625f77a6d56c647
ads.usatoday.com,AVAILABILITY,domains.list,domains.list,2023-05-12 04:19:46.085119,6f4b4eea5625f77a6d56c647
ads.verticalresponse.com,AVAILABILITY,domains.list,domains.list,2023-05-12 04:19:46.963257,6f4b4eea5625f77a6d56c647
ads.vgchartz.com,AVAILABILITY,domains.list,domains.list,2023-05-12 04:19:49.284704,6f4b4eea5625f77a6d56c647
ads.virtual-nights.com,AVAILABILITY,domains.list,domains.list,2023-05-12 04:19:49.682864,6f4b4eea5625f77a6d56c647
ads.virtualcountries.com,AVAILABILITY,domains.list,domains.list,2023-05-12 04:19:50.107423,6f4b4eea5625f77a6d56c647
ads.vnumedia.com,AVAILABILITY,domains.list,domains.list,2023-05-12 04:19:50.870053,6f4b4eea5625f77a6d56c647
ads.weather.ca,AVAILABILITY,domains.list,domains.list,2023-05-12 04:19:52.337848,6f4b4eea5625f77a6d56c647
ads.web.de,AVAILABILITY,domains.list,domains.list,2023-05-12 04:19:53.161283,6f4b4eea5625f77a6d56c647
ads.webmasterpoint.org,AVAILABILITY,domains.list,domains.list,2023-05-12 04:19:54.167514,6f4b4eea5625f77a6d56c647
ads.websiteservices.com,AVAILABILITY,domains.list,domains.list,2023-05-12 04:20:14.722676,6f4b4eea5625f77a6d56c647
ads.whoishostingthis.com,AVAILABILITY,domains.list,domains.list,2023-05-12 04:20:15.257189,6f4b4eea5625f77a6d56c647
ads.wiezoekje.nl,AVAILABILITY,domains.list,domains.list,2023-05-12 04:20:36.103880,6f4b4eea5625f77a6d56c647
ads.wikia.nocookie.net,AVAILABILITY,domains.list,domains.list,2023-05-12 04:20:36.619020,6f4b4eea5625f77a6d56c647
ads.wineenthusiast.com,AVAILABILITY,domains.list,domains.list,2023-05-12 04:20:57.077269,6f4b4eea5625f77a6d56c647
ads.wwe.biz,AVAILABILITY,domains.list,domains.list,2023-05-12 04:21:22.772228,6f4b4eea5625f77a6d56c647
ads.xhamster.com,AVAILABILITY,domains.list,domains.list,2023-05-12 04:21:24.275048,6f4b4eea5625f77a6d56c647
ads.xtra.co.nz,AVAILABILITY,domains.list,domains.list,2023-05-12 04:21:45.812784,6f4b4eea5625f77a6d56c647
ads.yimg.com,AVAILABILITY,domains.list,domains.list,2023-05-12 04:21:46.376089,6f4b4eea5625f77a6d56c647
ads.yldmgrimg.net,AVAILABILITY,domains.list,domains.list,2023-05-12 04:21:47.107839,6f4b4eea5625f77a6d56c647
ads.yourfreedvds.com,AVAILABILITY,domains.list,domains.list,2023-05-12 04:21:50.217060,6f4b4eea5625f77a6d56c647
ads.youtube.com,AVAILABILITY,domains.list,domains.list,2023-05-12 04:21:51.414949,6f4b4eea5625f77a6d56c647
ads1.canoe.ca,AVAILABILITY,domains.list,domains.list,2023-05-12 04:21:52.510322,6f4b4eea5625f77a6d56c647
ads1.mediacapital.pt,AVAILABILITY,domains.list,domains.list,2023-05-12 04:22:13.829477,6f4b4eea5625f77a6d56c647
ads1.msn.com,AVAILABILITY,domains.list,domains.list,2023-05-12 04:22:14.676895,6f4b4eea5625f77a6d56c647
ads1.rne.com,AVAILABILITY,domains.list,domains.list,2023-05-12 04:22:15.165446,6f4b4eea5625f77a6d56c647
ads1.virtual-nights.com,AVAILABILITY,domains.list,domains.list,2023-05-12 04:22:15.565250,6f4b4eea5625f77a6d56c647
ads10.speedbit.com,AVAILABILITY,domains.list,domains.list,2023-05-12 04:22:16.046075,6f4b4eea5625f77a6d56c647
ads180.com,AVAILABILITY,domains.list,domains.list,2023-05-12 04:22:16.510478,6f4b4eea5625f77a6d56c647
ads2.brazzers.com,AVAILABILITY,domains.list,domains.list,2023-05-12 04:22:16.960575,6f4b4eea5625f77a6d56c647
ads2.clearchannel.com,AVAILABILITY,domains.list,domains.list,2023-05-12 04:22:37.438101,6f4b4eea5625f77a6d56c647
ads2.gamecity.net,AVAILABILITY,domains.list,domains.list,2023-05-12 04:24:22.865843,6f4b4eea5625f77a6d56c647
ads2.net-communities.co.uk,AVAILABILITY,domains.list,domains.list,2023-05-12 04:24:23.326007,6f4b4eea5625f77a6d56c647
ads2.rne.com,AVAILABILITY,domains.list,domains.list,2023-05-12 04:24:24.130779,6f4b4eea5625f77a6d56c647
ads2.virtual-nights.com,AVAILABILITY,domains.list,domains.list,2023-05-12 04:24:24.483128,6f4b4eea5625f77a6d56c647
ads2.xnet.cz,AVAILABILITY,domains.list,domains.list,2023-05-12 04:24:26.902927,6f4b4eea5625f77a6d56c647
ads2004.treiberupdate.de,AVAILABILITY,domains.list,domains.list,2023-05-12 04:24:47.817884,6f4b4eea5625f77a6d56c647
ads3.gamecity.net,AVAILABILITY,domains.list,domains.list,2023-05-12 04:24:48.947379,6f4b4eea5625f77a6d56c647
ads3.virtual-nights.com,AVAILABILITY,domains.list,domains.list,2023-05-12 04:24:49.294329,6f4b4eea5625f77a6d56c647
ads4.gamecity.net,AVAILABILITY,domains.list,domains.list,2023-05-12 04:24:50.701928,6f4b4eea5625f77a6d56c647
ads4.virtual-nights.com,AVAILABILITY,domains.list,domains.list,2023-05-12 04:24:51.047625,6f4b4eea5625f77a6d56c647
ads4homes.com,AVAILABILITY,domains.list,domains.list,2023-05-12 04:24:51.433593,6f4b4eea5625f77a6d56c647
ads5.canoe.ca,AVAILABILITY,domains.list,domains.list,2023-05-12 04:24:52.142607,6f4b4eea5625f77a6d56c647
ads5.virtual-nights.com,AVAILABILITY,domains.list,domains.list,2023-05-12 04:24:52.489670,6f4b4eea5625f77a6d56c647
ads6.gamecity.net,AVAILABILITY,domains.list,domains.list,2023-05-12 04:24:53.552974,6f4b4eea5625f77a6d56c647
ads7.gamecity.net,AVAILABILITY,domains.list,domains.list,2023-05-12 04:24:54.717943,6f4b4eea5625f77a6d56c647
ads8.com,AVAILABILITY,domains.list,domains.list,2023-05-12 04:25:07.039829,6f4b4eea5625f77a6d56c647
adsatt.abc.starwave.com,AVAILABILITY,domains.list,domains.list,2023-05-12 04:25:27.673913,6f4b4eea5625f77a6d56c647
adsatt.abcnews.starwave.com,AVAILABILITY,domains.list,domains.list,2023-05-12 04:25:53.581139,6f4b4eea5625f77a6d56c647
adsatt.espn.go.com,AVAILABILITY,domains.list,domains.list,2023-05-12 04:26:14.145445,6f4b4eea5625f77a6d56c647
adsatt.espn.starwave.com,AVAILABILITY,domains.list,domains.list,2023-05-12 04:26:34.656586,6f4b4eea5625f77a6d56c647
adsatt.go.starwave.com,AVAILABILITY,domains.list,domains.list,2023-05-12 04:26:55.241975,6f4b4eea5625f77a6d56c647
adsby.bidtheatre.com,AVAILABILITY,domains.list,domains.list,2023-05-12 04:26:55.932175,6f4b4eea5625f77a6d56c647
adscale.de,AVAILABILITY,domains.list,domains.list,2023-05-12 04:27:16.304264,6f4b4eea5625f77a6d56c647
adscholar.com,AVAILABILITY,domains.list,domains.list,2023-05-12 04:27:17.095024,6f4b4eea5625f77a6d56c647
adscience.nl,AVAILABILITY,domains.list,domains.list,2023-05-12 04:27:37.537859,6f4b4eea5625f77a6d56c647
adscpm.com,AVAILABILITY,domains.list,domains.list,2023-05-12 04:27:38.206380,6f4b4eea5625f77a6d56c647
adsdaq.com,AVAILABILITY,domains.list,domains.list,2023-05-12 04:27:58.894593,6f4b4eea5625f77a6d56c647
adsdk.com,AVAILABILITY,domains.list,domains.list,2023-05-12 04:27:59.570565,6f4b4eea5625f77a6d56c647
adsend.de,AVAILABILITY,domains.list,domains.list,2023-05-12 04:28:00.737407,6f4b4eea5625f77a6d56c647
adserv.quality-channel.de,AVAILABILITY,domains.list,domains.list,2023-05-12 04:28:01.502160,6f4b4eea5625f77a6d56c647
adserve.ams.rhythmxchange.com,AVAILABILITY,domains.list,domains.list,2023-05-12 04:28:02.263863,6f4b4eea5625f77a6d56c647
adserver.43plc.com,AVAILABILITY,domains.list,domains.list,2023-05-12 04:28:03.962224,6f4b4eea5625f77a6d56c647
adserver.71i.de,AVAILABILITY,domains.list,domains.list,2023-05-12 04:28:04.881459,6f4b4eea5625f77a6d56c647
adserver.adultfriendfinder.com,AVAILABILITY,domains.list,domains.list,2023-05-12 04:28:05.534105,6f4b4eea5625f77a6d56c647
adserver.barrapunto.com,AVAILABILITY,domains.list,domains.list,2023-05-12 04:28:06.381655,6f4b4eea5625f77a6d56c647
adserver.beggarspromo.com,AVAILABILITY,domains.list,domains.list,2023-05-12 04:28:07.548025,6f4b4eea5625f77a6d56c647
adserver.betandwin.de,AVAILABILITY,domains.list,domains.list,2023-05-12 04:28:09.025949,6f4b4eea5625f77a6d56c647
adserver.bing.com,AVAILABILITY,domains.list,domains.list,2023-05-12 04:28:09.504916,6f4b4eea5625f77a6d56c647
adserver.bizhat.com,AVAILABILITY,domains.list,domains.list,2023-05-12 04:28:10.477874,6f4b4eea5625f77a6d56c647
adserver.break-even.it,AVAILABILITY,domains.list,domains.list,2023-05-12 04:28:10.811607,6f4b4eea5625f77a6d56c647
adserver.cams.com,AVAILABILITY,domains.list,domains.list,2023-05-12 04:28:11.557495,6f4b4eea5625f77a6d56c647
adserver.com,AVAILABILITY,domains.list,domains.list,2023-05-12 04:28:12.600440,6f4b4eea5625f77a6d56c647
adserver.digitoday.com,AVAILABILITY,domains.list,domains.list,2023-05-12 04:28:14.581246,6f4b4eea5625f77a6d56c647
adserver.finditquick.com,AVAILABILITY,domains.list,domains.list,2023-05-12 04:28:15.520199,6f4b4eea5625f77a6d56c647
adserver.friendfinder.com,AVAILABILITY,domains.list,domains.list,2023-05-12 04:28:16.353408,6f4b4eea5625f77a6d56c647
adserver.html.it,AVAILABILITY,domains.list,domains.list,2023-05-12 04:28:18.066083,6f4b4eea5625f77a6d56c647
adserver.irishwebmasterforum.com,AVAILABILITY,domains.list,domains.list,2023-05-12 04:28:19.275621,6f4b4eea5625f77a6d56c647
adserver.janes.com,AVAILABILITY,domains.list,domains.list,2023-05-12 04:28:39.722161,6f4b4eea5625f77a6d56c647
adserver.kyoceramita-europe.com,AVAILABILITY,domains.list,domains.list,2023-05-12 04:28:40.081995,6f4b4eea5625f77a6d56c647
adserver.news.com.au,AVAILABILITY,domains.list,domains.list,2023-05-12 04:29:00.958403,6f4b4eea5625f77a6d56c647
adserver.ngz-network.de,AVAILABILITY,domains.list,domains.list,2023-05-12 04:29:01.316341,6f4b4eea5625f77a6d56c647
adserver.nydailynews.com,AVAILABILITY,domains.list,domains.list,2023-05-12 04:29:29.983478,6f4b4eea5625f77a6d56c647
adserver.o2.pl,AVAILABILITY,domains.list,domains.list,2023-05-12 04:29:51.066495,6f4b4eea5625f77a6d56c647
adserver.oddschecker.com,AVAILABILITY,domains.list,domains.list,2023-05-12 04:29:51.761159,6f4b4eea5625f77a6d56c647
adserver.omroepzeeland.nl,AVAILABILITY,domains.list,domains.list,2023-05-12 04:29:53.376108,6f4b4eea5625f77a6d56c647
adserver.pl,AVAILABILITY,domains.list,domains.list,2023-05-12 04:29:54.209175,6f4b4eea5625f77a6d56c647
adserver.portugalmail.net,AVAILABILITY,domains.list,domains.list,2023-05-12 04:30:14.870711,6f4b4eea5625f77a6d56c647
adserver.quizdingo.com,AVAILABILITY,domains.list,domains.list,2023-05-12 04:30:16.263242,6f4b4eea5625f77a6d56c647
adserver.realhomesex.net,AVAILABILITY,domains.list,domains.list,2023-05-12 04:30:17.733684,6f4b4eea5625f77a6d56c647
adserver.sanomawsoy.fi,AVAILABILITY,domains.list,domains.list,2023-05-12 04:30:38.465727,6f4b4eea5625f77a6d56c647
adserver.sciflicks.com,AVAILABILITY,domains.list,domains.list,2023-05-12 04:30:39.658311,6f4b4eea5625f77a6d56c647
adserver.spankaway.com,AVAILABILITY,domains.list,domains.list,2023-05-12 04:30:41.101369,6f4b4eea5625f77a6d56c647
adserver.startnow.com,AVAILABILITY,domains.list,domains.list,2023-05-12 04:30:41.784777,6f4b4eea5625f77a6d56c647
adserver.theonering.net,AVAILABILITY,domains.list,domains.list,2023-05-12 04:31:02.393985,6f4b4eea5625f77a6d56c647
adserver.twitpic.com,AVAILABILITY,domains.list,domains.list,2023-05-12 04:31:02.804594,6f4b4eea5625f77a6d56c647
adserver.virginmedia.com,AVAILABILITY,domains.list,domains.list,2023-05-12 04:31:23.670201,6f4b4eea5625f77a6d56c647
adserver.yahoo.com,AVAILABILITY,domains.list,domains.list,2023-05-12 04:31:44.098290,6f4b4eea5625f77a6d56c647
adserver01.de,AVAILABILITY,domains.list,domains.list,2023-05-12 04:31:45.389917,6f4b4eea5625f77a6d56c647
adserver1-images.backbeatmedia.com,AVAILABILITY,domains.list,domains.list,2023-05-12 04:31:45.723815,6f4b4eea5625f77a6d56c647
adserver1.backbeatmedia.com,AVAILABILITY,domains.list,domains.list,2023-05-12 04:31:46.235682,6f4b4eea5625f77a6d56c647
adserver1.mindshare.de,AVAILABILITY,domains.list,domains.list,2023-05-12 04:32:06.673752,6f4b4eea5625f77a6d56c647
adserver1.mokono.com,AVAILABILITY,domains.list,domains.list,2023-05-12 04:32:07.600847,6f4b4eea5625f77a6d56c647
adserver2.mindshare.de,AVAILABILITY,domains.list,domains.list,2023-05-12 04:32:28.253795,6f4b4eea5625f77a6d56c647
adserverplus.com,AVAILABILITY,domains.list,domains.list,2023-05-12 04:32:30.371464,6f4b4eea5625f77a6d56c647
adserversolutions.com,AVAILABILITY,domains.list,domains.list,2023-05-12 04:32:31.504186,6f4b4eea5625f77a6d56c647
adservinginternational.com,AVAILABILITY,domains.list,domains.list,2023-05-12 04:32:32.179577,6f4b4eea5625f77a6d56c647
adsfac.eu,AVAILABILITY,domains.list,domains.list,2023-05-12 04:32:32.932051,6f4b4eea5625f77a6d56c647
adsfac.net,AVAILABILITY,domains.list,domains.list,2023-05-12 04:32:33.740069,6f4b4eea5625f77a6d56c647
adsfac.us,AVAILABILITY,domains.list,domains.list,2023-05-12 04:32:34.524391,6f4b4eea5625f77a6d56c647
adshost1.com,AVAILABILITY,domains.list,domains.list,2023-05-12 04:32:35.340864,6f4b4eea5625f77a6d56c647
adside.com,AVAILABILITY,domains.list,domains.list,2023-05-12 04:32:35.759426,6f4b4eea5625f77a6d56c647
adsk2.co,AVAILABILITY,domains.list,domains.list,2023-05-12 04:32:36.671241,6f4b4eea5625f77a6d56c647
adskape.ru,AVAILABILITY,domains.list,domains.list,2023-05-12 04:32:38.712528,6f4b4eea5625f77a6d56c647
adsklick.de,AVAILABILITY,domains.list,domains.list,2023-05-12 04:32:42.710215,6f4b4eea5625f77a6d56c647
adsmarket.com,AVAILABILITY,domains.list,domains.list,2023-05-12 04:32:43.159620,6f4b4eea5625f77a6d56c647
adsmart.co.uk,AVAILABILITY,domains.list,domains.list,2023-05-12 04:32:46.796891,6f4b4eea5625f77a6d56c647
adsmart.com,AVAILABILITY,domains.list,domains.list,2023-05-12 04:32:48.281597,6f4b4eea5625f77a6d56c647
adsmart.net,AVAILABILITY,domains.list,domains.list,2023-05-12 04:32:50.538327,6f4b4eea5625f77a6d56c647
adsmobi.com,AVAILABILITY,domains.list,domains.list,2023-05-12 04:32:51.012094,6f4b4eea5625f77a6d56c647
adsmogo.com,AVAILABILITY,domains.list,domains.list,2023-05-12 04:33:11.577666,6f4b4eea5625f77a6d56c647
adsnative.com,AVAILABILITY,domains.list,domains.list,2023-05-12 04:33:13.020606,6f4b4eea5625f77a6d56c647
adsoftware.com,AVAILABILITY,domains.list,domains.list,2023-05-12 04:33:13.447312,6f4b4eea5625f77a6d56c647
adsoldier.com,AVAILABILITY,domains.list,domains.list,2023-05-12 04:33:14.288238,6f4b4eea5625f77a6d56c647
adsolutions.yp.com,AVAILABILITY,domains.list,domains.list,2023-05-12 04:33:34.888511,6f4b4eea5625f77a6d56c647
adsonar.com,AVAILABILITY,domains.list,domains.list,2023-05-12 04:33:36.020275,6f4b4eea5625f77a6d56c647
adspace.ro,AVAILABILITY,domains.list,domains.list,2023-05-12 04:33:39.472260,6f4b4eea5625f77a6d56c647
adspeed.net,AVAILABILITY,domains.list,domains.list,2023-05-12 04:33:40.320082,6f4b4eea5625f77a6d56c647
adspirit.de,AVAILABILITY,domains.list,domains.list,2023-05-12 04:33:44.694503,6f4b4eea5625f77a6d56c647
adsponse.de,AVAILABILITY,domains.list,domains.list,2023-05-12 04:33:45.941216,6f4b4eea5625f77a6d56c647
adsrevenue.net,AVAILABILITY,domains.list,domains.list,2023-05-12 04:33:47.124989,6f4b4eea5625f77a6d56c647
adsrv.deviantart.com,AVAILABILITY,domains.list,domains.list,2023-05-12 04:33:47.674199,6f4b4eea5625f77a6d56c647
adsrv.iol.co.za,AVAILABILITY,domains.list,domains.list,2023-05-12 04:34:08.497925,6f4b4eea5625f77a6d56c647
adsrvr.org,AVAILABILITY,domains.list,domains.list,2023-05-12 04:34:09.459131,6f4b4eea5625f77a6d56c647
adsstat.com,AVAILABILITY,domains.list,domains.list,2023-05-12 04:34:11.656912,6f4b4eea5625f77a6d56c647
adstat.4u.pl,AVAILABILITY,domains.list,domains.list,2023-05-12 04:34:13.812874,6f4b4eea5625f77a6d56c647
adstest.weather.com,AVAILABILITY,domains.list,domains.list,2023-05-12 04:34:14.807040,6f4b4eea5625f77a6d56c647
adsupply.com,AVAILABILITY,domains.list,domains.list,2023-05-12 04:34:15.707327,6f4b4eea5625f77a6d56c647
adsupplyads.com,AVAILABILITY,domains.list,domains.list,2023-05-12 04:34:16.112851,6f4b4eea5625f77a6d56c647
adswitcher.com,AVAILABILITY,domains.list,domains.list,2023-05-12 04:34:17.530602,6f4b4eea5625f77a6d56c647
adsymptotic.com,AVAILABILITY,domains.list,domains.list,2023-05-12 04:34:37.923788,6f4b4eea5625f77a6d56c647
adsynergy.com,AVAILABILITY,domains.list,domains.list,2023-05-12 04:34:38.735969,6f4b4eea5625f77a6d56c647
adsys.townnews.com,AVAILABILITY,domains.list,domains.list,2023-05-12 04:34:39.387303,6f4b4eea5625f77a6d56c647
adsystem.simplemachines.org,AVAILABILITY,domains.list,domains.list,2023-05-12 04:34:40.553926,6f4b4eea5625f77a6d56c647
adtech.com,AVAILABILITY,domains.list,domains.list,2023-05-12 04:34:42.080877,6f4b4eea5625f77a6d56c647
adtech.de,AVAILABILITY,domains.list,domains.list,2023-05-12 04:34:43.541681,6f4b4eea5625f77a6d56c647
adtechus.com,AVAILABILITY,domains.list,domains.list,2023-05-12 04:34:44.853370,6f4b4eea5625f77a6d56c647
adtegrity.net,AVAILABILITY,domains.list,domains.list,2023-05-12 04:35:05.410488,6f4b4eea5625f77a6d56c647
adtheorent.com,AVAILABILITY,domains.list,domains.list,2023-05-12 04:35:06.628458,6f4b4eea5625f77a6d56c647
adthis.com,AVAILABILITY,domains.list,domains.list,2023-05-12 04:35:07.558545,6f4b4eea5625f77a6d56c647
adtiger.de,AVAILABILITY,domains.list,domains.list,2023-05-12 04:35:09.437104,6f4b4eea5625f77a6d56c647
adtilt.com,AVAILABILITY,domains.list,domains.list,2023-05-12 04:35:29.840362,6f4b4eea5625f77a6d56c647
adtoll.com,AVAILABILITY,domains.list,domains.list,2023-05-12 04:35:30.936148,6f4b4eea5625f77a6d56c647
adtology.com,AVAILABILITY,domains.list,domains.list,2023-05-12 04:35:31.787599,6f4b4eea5625f77a6d56c647
adtoma.com,AVAILABILITY,domains.list,domains.list,2023-05-12 04:35:32.260806,6f4b4eea5625f77a6d56c647
adtrace.org,AVAILABILITY,domains.list,domains.list,2023-05-12 04:35:33.741919,6f4b4eea5625f77a6d56c647
adtrade.net,AVAILABILITY,domains.list,domains.list,2023-05-12 04:35:35.056947,6f4b4eea5625f77a6d56c647
adtrading.de,AVAILABILITY,domains.list,domains.list,2023-05-12 04:35:36.835243,6f4b4eea5625f77a6d56c647
adtrak.net,AVAILABILITY,domains.list,domains.list,2023-05-12 04:35:43.453968,6f4b4eea5625f77a6d56c647
adtriplex.com,AVAILABILITY,domains.list,domains.list,2023-05-12 04:35:44.588554,6f4b4eea5625f77a6d56c647
adtruth.com,AVAILABILITY,domains.list,domains.list,2023-05-12 04:35:45.055103,6f4b4eea5625f77a6d56c647
adultadvertising.com,AVAILABILITY,domains.list,domains.list,2023-05-12 04:35:45.786266,6f4b4eea5625f77a6d56c647
adultmoda.com,AVAILABILITY,domains.list,domains.list,2023-05-12 04:35:46.463603,6f4b4eea5625f77a6d56c647
adv-adserver.com,AVAILABILITY,domains.list,domains.list,2023-05-12 04:35:46.796154,6f4b4eea5625f77a6d56c647
adv.cooperhosting.net,AVAILABILITY,domains.list,domains.list,2023-05-12 04:36:07.384156,6f4b4eea5625f77a6d56c647
adv.freeonline.it,AVAILABILITY,domains.list,domains.list,2023-05-12 04:36:09.708525,6f4b4eea5625f77a6d56c647
adv.hwupgrade.it,AVAILABILITY,domains.list,domains.list,2023-05-12 04:36:11.018262,6f4b4eea5625f77a6d56c647
adv.livedoor.com,AVAILABILITY,domains.list,domains.list,2023-05-12 04:36:31.810309,6f4b4eea5625f77a6d56c647
adv.webmd.com,AVAILABILITY,domains.list,domains.list,2023-05-12 04:36:32.407272,6f4b4eea5625f77a6d56c647
adv.wp.pl,AVAILABILITY,domains.list,domains.list,2023-05-12 04:36:33.789089,6f4b4eea5625f77a6d56c647
adv.yo.cz,AVAILABILITY,domains.list,domains.list,2023-05-12 04:36:36.921032,6f4b4eea5625f77a6d56c647
advariant.com,AVAILABILITY,domains.list,domains.list,2023-05-12 04:36:37.716362,6f4b4eea5625f77a6d56c647
adventory.com,AVAILABILITY,domains.list,domains.list,2023-05-12 04:36:38.428494,6f4b4eea5625f77a6d56c647
advert.bayarea.com,AVAILABILITY,domains.list,domains.list,2023-05-12 04:36:58.866843,6f4b4eea5625f77a6d56c647
advert.dyna.ultraweb.hu,AVAILABILITY,domains.list,domains.list,2023-05-12 04:37:01.519517,6f4b4eea5625f77a6d56c647
adverticum.com,AVAILABILITY,domains.list,domains.list,2023-05-12 04:37:04.700432,6f4b4eea5625f77a6d56c647
adverticum.net,AVAILABILITY,domains.list,domains.list,2023-05-12 04:37:07.059151,6f4b4eea5625f77a6d56c647
adverticus.de,AVAILABILITY,domains.list,domains.list,2023-05-12 04:37:07.846659,6f4b4eea5625f77a6d56c647
advertise.com,AVAILABILITY,domains.list,domains.list,2023-05-12 04:37:09.622905,6f4b4eea5625f77a6d56c647
advertiseireland.com,AVAILABILITY,domains.list,domains.list,2023-05-12 04:37:12.224541,6f4b4eea5625f77a6d56c647
advertisespace.com,AVAILABILITY,domains.list,domains.list,2023-05-12 04:37:14.137043,6f4b4eea5625f77a6d56c647
advertising.apple.com,AVAILABILITY,domains.list,domains.list,2023-05-12 04:37:14.998725,6f4b4eea5625f77a6d56c647
advertising.com,AVAILABILITY,domains.list,domains.list,2023-05-12 04:37:15.865844,6f4b4eea5625f77a6d56c647
advertising.microsoft.com,AVAILABILITY,domains.list,domains.list,2023-05-12 04:37:16.647204,6f4b4eea5625f77a6d56c647
advertising.yahoo.com,AVAILABILITY,domains.list,domains.list,2023-05-12 04:37:17.620110,6f4b4eea5625f77a6d56c647
advertisingbanners.com,AVAILABILITY,domains.list,domains.list,2023-05-12 04:37:18.339827,6f4b4eea5625f77a6d56c647
advertisingbox.com,AVAILABILITY,domains.list,domains.list,2023-05-12 04:37:19.808565,6f4b4eea5625f77a6d56c647
advertmarket.com,AVAILABILITY,domains.list,domains.list,2023-05-12 04:37:20.312332,6f4b4eea5625f77a6d56c647
advertmedia.de,AVAILABILITY,domains.list,domains.list,2023-05-12 04:37:21.954352,6f4b4eea5625f77a6d56c647
advertpro.sitepoint.com,AVAILABILITY,domains.list,domains.list,2023-05-12 04:37:23.006241,6f4b4eea5625f77a6d56c647
advertpro.ya.com,AVAILABILITY,domains.list,domains.list,2023-05-12 04:37:44.089800,6f4b4eea5625f77a6d56c647
advertserve.com,AVAILABILITY,domains.list,domains.list,2023-05-12 04:37:45.558930,6f4b4eea5625f77a6d56c647
advertstream.com,AVAILABILITY,domains.list,domains.list,2023-05-12 04:37:46.409032,6f4b4eea5625f77a6d56c647
advertwizard.com,AVAILABILITY,domains.list,domains.list,2023-05-12 04:37:52.904360,6f4b4eea5625f77a6d56c647
advideo.uimserv.net,AVAILABILITY,domains.list,domains.list,2023-05-12 04:37:54.266838,6f4b4eea5625f77a6d56c647
advisormedia.cz,AVAILABILITY,domains.list,domains.list,2023-05-12 04:38:19.152025,6f4b4eea5625f77a6d56c647
adviva.com,AVAILABILITY,domains.list,domains.list,2023-05-12 04:40:22.618509,6f4b4eea5625f77a6d56c647
adviva.net,AVAILABILITY,domains.list,domains.list,2023-05-12 04:40:23.239082,6f4b4eea5625f77a6d56c647
advnt.com,AVAILABILITY,domains.list,domains.list,2023-05-12 04:40:23.956746,6f4b4eea5625f77a6d56c647
adwareremovergold.com,AVAILABILITY,domains.list,domains.list,2023-05-12 04:40:44.428896,6f4b4eea5625f77a6d56c647
adwhirl.com,AVAILABILITY,domains.list,domains.list,2023-05-12 04:40:44.882365,6f4b4eea5625f77a6d56c647
adwitserver.com,AVAILABILITY,domains.list,domains.list,2023-05-12 04:40:46.089837,6f4b4eea5625f77a6d56c647
adworldnetwork.com,AVAILABILITY,domains.list,domains.list,2023-05-12 04:40:46.615115,6f4b4eea5625f77a6d56c647
adworx.at,AVAILABILITY,domains.list,domains.list,2023-05-12 04:40:47.609462,6f4b4eea5625f77a6d56c647
adworx.be,AVAILABILITY,domains.list,domains.list,2023-05-12 04:40:50.865183,6f4b4eea5625f77a6d56c647
adworx.nl,AVAILABILITY,domains.list,domains.list,2023-05-12 04:40:55.323816,6f4b4eea5625f77a6d56c647
adx.atnext.com,AVAILABILITY,domains.list,domains.list,2023-05-12 04:40:55.862311,6f4b4eea5625f77a6d56c647
adxpansion.com,AVAILABILITY,domains.list,domains.list,2023-05-12 04:40:56.672849,6f4b4eea5625f77a6d56c647
adxpose.com,AVAILABILITY,domains.list,domains.list,2023-05-12 04:40:57.022678,6f4b4eea5625f77a6d56c647
adxvalue.com,AVAILABILITY,domains.list,domains.list,2023-05-12 04:40:59.202644,6f4b4eea5625f77a6d56c647
adyea.com,AVAILABILITY,domains.list,domains.list,2023-05-12 04:41:00.215114,6f4b4eea5625f77a6d56c647
adzerk.net,AVAILABILITY,domains.list,domains.list,2023-05-12 04:41:00.606419,6f4b4eea5625f77a6d56c647
adzerk.s3.amazonaws.com,AVAILABILITY,domains.list,domains.list,2023-05-12 04:41:01.091731,6f4b4eea5625f77a6d56c647
adzones.com,AVAILABILITY,domains.list,domains.list,2023-05-12 04:41:02.590053,6f4b4eea5625f77a6d56c647
af-ad.co.uk,AVAILABILITY,domains.list,domains.list,2023-05-12 04:41:02.915151,6f4b4eea5625f77a6d56c647
affbuzzads.com,AVAILABILITY,domains.list,domains.list,2023-05-12 04:41:23.542913,6f4b4eea5625f77a6d56c647
affili.net,AVAILABILITY,domains.list,domains.list,2023-05-12 04:41:25.683009,6f4b4eea5625f77a6d56c647
affiliate.1800flowers.com,AVAILABILITY,domains.list,domains.list,2023-05-12 04:41:26.427813,6f4b4eea5625f77a6d56c647
affiliate.dtiserv.com,AVAILABILITY,domains.list,domains.list,2023-05-12 04:41:27.101368,6f4b4eea5625f77a6d56c647
affiliate.gamestop.com,AVAILABILITY,domains.list,domains.list,2023-05-12 04:41:47.520461,6f4b4eea5625f77a6d56c647
affiliate.mogs.com,AVAILABILITY,domains.list,domains.list,2023-05-12 04:41:48.071854,6f4b4eea5625f77a6d56c647
affiliate.offgamers.com,AVAILABILITY,domains.list,domains.list,2023-05-12 04:42:08.548620,6f4b4eea5625f77a6d56c647
affiliate.travelnow.com,AVAILABILITY,domains.list,domains.list,2023-05-12 04:42:28.929974,6f4b4eea5625f77a6d56c647
affiliatefuel.com,AVAILABILITY,domains.list,domains.list,2023-05-12 04:42:34.524360,6f4b4eea5625f77a6d56c647
affiliatefuture.com,AVAILABILITY,domains.list,domains.list,2023-05-12 04:42:35.236670,6f4b4eea5625f77a6d56c647
affiliates.allposters.com,AVAILABILITY,domains.list,domains.list,2023-05-12 04:42:37.076587,6f4b4eea5625f77a6d56c647
affiliates.babylon.com,AVAILABILITY,domains.list,domains.list,2023-05-12 04:42:37.694308,6f4b4eea5625f77a6d56c647
affiliates.devilfishpartners.com,AVAILABILITY,domains.list,domains.list,2023-05-12 04:42:38.642222,6f4b4eea5625f77a6d56c647
affiliates.digitalriver.com,AVAILABILITY,domains.list,domains.list,2023-05-12 04:42:39.778674,6f4b4eea5625f77a6d56c647
affiliates.globat.com,AVAILABILITY,domains.list,domains.list,2023-05-12 04:42:40.671779,6f4b4eea5625f77a6d56c647
affiliates.streamray.com,AVAILABILITY,domains.list,domains.list,2023-05-12 04:42:41.898256,6f4b4eea5625f77a6d56c647
affiliates.thinkhost.net,AVAILABILITY,domains.list,domains.list,2023-05-12 04:43:02.468651,6f4b4eea5625f77a6d56c647
affiliates.thrixxx.com,AVAILABILITY,domains.list,domains.list,2023-05-12 04:43:02.906087,6f4b4eea5625f77a6d56c647
affiliates.ultrahosting.com,AVAILABILITY,domains.list,domains.list,2023-05-12 04:43:23.350880,6f4b4eea5625f77a6d56c647
affiliatetracking.com,AVAILABILITY,domains.list,domains.list,2023-05-12 04:43:23.977834,6f4b4eea5625f77a6d56c647
affiliatetracking.net,AVAILABILITY,domains.list,domains.list,2023-05-12 04:43:24.764158,6f4b4eea5625f77a6d56c647
affiliatetrading.net,AVAILABILITY,domains.list,domains.list,2023-05-12 04:43:25.872096,6f4b4eea5625f77a6d56c647
affiliatewindow.com,AVAILABILITY,domains.list,domains.list,2023-05-12 04:43:27.501135,6f4b4eea5625f77a6d56c647
affiliation-france.com,AVAILABILITY,domains.list,domains.list,2023-05-12 04:43:27.808645,6f4b4eea5625f77a6d56c647
ah-ha.com,AVAILABILITY,domains.list,domains.list,2023-05-12 04:43:28.124285,6f4b4eea5625f77a6d56c647
ahalogy.com,AVAILABILITY,domains.list,domains.list,2023-05-12 04:43:28.980797,6f4b4eea5625f77a6d56c647
aim4media.com,AVAILABILITY,domains.list,domains.list,2023-05-12 04:43:30.620759,6f4b4eea5625f77a6d56c647
airpush.com,AVAILABILITY,domains.list,domains.list,2023-05-12 04:43:51.049746,6f4b4eea5625f77a6d56c647
aistat.net,AVAILABILITY,domains.list,domains.list,2023-05-12 04:44:11.472937,6f4b4eea5625f77a6d56c647
ajouter.net,AVAILABILITY,domains.list,domains.list,2023-05-12 04:44:13.856584,6f4b4eea5625f77a6d56c647
aktrack.pubmatic.com,AVAILABILITY,domains.list,domains.list,2023-05-12 04:44:14.477703,6f4b4eea5625f77a6d56c647
alclick.com,AVAILABILITY,domains.list,domains.list,2023-05-12 04:44:15.582244,6f4b4eea5625f77a6d56c647
alenty.com,AVAILABILITY,domains.list,domains.list,2023-05-12 04:44:17.056599,6f4b4eea5625f77a6d56c647
alexa-sitestats.s3.amazonaws.com,AVAILABILITY,domains.list,domains.list,2023-05-12 04:44:17.356410,6f4b4eea5625f77a6d56c647
all4spy.com,AVAILABILITY,domains.list,domains.list,2023-05-12 04:44:18.375428,6f4b4eea5625f77a6d56c647
alladvantage.com,AVAILABILITY,domains.list,domains.list,2023-05-12 04:44:19.675983,6f4b4eea5625f77a6d56c647
allosponsor.com,AVAILABILITY,domains.list,domains.list,2023-05-12 04:44:20.738098,6f4b4eea5625f77a6d56c647
allstarmediagroup.com,AVAILABILITY,domains.list,domains.list,2023-05-12 04:44:21.261138,6f4b4eea5625f77a6d56c647
amazingcounters.com,AVAILABILITY,domains.list,domains.list,2023-05-12 04:44:21.859683,6f4b4eea5625f77a6d56c647
amazon-adsystem.com,AVAILABILITY,domains.list,domains.list,2023-05-12 04:44:22.146232,6f4b4eea5625f77a6d56c647
amobee.com,AVAILABILITY,domains.list,domains.list,2023-05-12 04:44:23.179254,6f4b4eea5625f77a6d56c647
amung.us,AVAILABILITY,domains.list,domains.list,2023-05-12 04:44:23.801917,6f4b4eea5625f77a6d56c647
an.tacoda.net,AVAILABILITY,domains.list,domains.list,2023-05-12 04:44:24.609501,6f4b4eea5625f77a6d56c647
anahtars.com,AVAILABILITY,domains.list,domains.list,2023-05-12 04:44:24.982500,6f4b4eea5625f77a6d56c647
analytics.adpost.org,AVAILABILITY,domains.list,domains.list,2023-05-12 04:44:45.493449,6f4b4eea5625f77a6d56c647
analytics.live.com,AVAILABILITY,domains.list,domains.list,2023-05-12 04:45:05.938156,6f4b4eea5625f77a6d56c647
analytics.yahoo.com,AVAILABILITY,domains.list,domains.list,2023-05-12 04:45:07.007416,6f4b4eea5625f77a6d56c647
annonser.dagbladet.no,AVAILABILITY,domains.list,domains.list,2023-05-12 04:45:08.745760,6f4b4eea5625f77a6d56c647
apex-ad.com,AVAILABILITY,domains.list,domains.list,2023-05-12 04:45:09.051712,6f4b4eea5625f77a6d56c647
api.addthis.com,AVAILABILITY,domains.list,domains.list,2023-05-12 04:45:09.975162,6f4b4eea5625f77a6d56c647
api.intensifier.de,AVAILABILITY,domains.list,domains.list,2023-05-12 04:45:30.759225,6f4b4eea5625f77a6d56c647
app-promo.com,AVAILABILITY,domains.list,domains.list,2023-05-12 04:45:31.070656,6f4b4eea5625f77a6d56c647
appads.com,AVAILABILITY,domains.list,domains.list,2023-05-12 04:45:31.439609,6f4b4eea5625f77a6d56c647
appdog.com,AVAILABILITY,domains.list,domains.list,2023-05-12 04:45:31.983428,6f4b4eea5625f77a6d56c647
appflood.com,AVAILABILITY,domains.list,domains.list,2023-05-12 04:45:52.376513,6f4b4eea5625f77a6d56c647
appia.com,AVAILABILITY,domains.list,domains.list,2023-05-12 04:45:53.727213,6f4b4eea5625f77a6d56c647
appier.com,AVAILABILITY,domains.list,domains.list,2023-05-12 04:45:54.904006,6f4b4eea5625f77a6d56c647
applovin.com,AVAILABILITY,domains.list,domains.list,2023-05-12 04:45:56.239466,6f4b4eea5625f77a6d56c647
appnexus.com,AVAILABILITY,domains.list,domains.list,2023-05-12 04:45:57.720229,6f4b4eea5625f77a6d56c647
appolicious.com,AVAILABILITY,domains.list,domains.list,2023-05-12 04:45:58.538245,6f4b4eea5625f77a6d56c647
apprebates.com,AVAILABILITY,domains.list,domains.list,2023-05-12 04:45:59.978324,6f4b4eea5625f77a6d56c647
appredeem.com,AVAILABILITY,domains.list,domains.list,2023-05-12 04:46:00.975838,6f4b4eea5625f77a6d56c647
approstar.com,AVAILABILITY,domains.list,domains.list,2023-05-12 04:46:02.246232,6f4b4eea5625f77a6d56c647
appsdt.com,AVAILABILITY,domains.list,domains.list,2023-05-12 04:46:22.669571,6f4b4eea5625f77a6d56c647
appsfire.com,AVAILABILITY,domains.list,domains.list,2023-05-12 04:46:25.004399,6f4b4eea5625f77a6d56c647
appsfire.net,AVAILABILITY,domains.list,domains.list,2023-05-12 04:46:25.483267,6f4b4eea5625f77a6d56c647
appsnack.com,AVAILABILITY,domains.list,domains.list,2023-05-12 04:46:45.877357,6f4b4eea5625f77a6d56c647
apptera.com,AVAILABILITY,domains.list,domains.list,2023-05-12 04:47:06.368963,6f4b4eea5625f77a6d56c647
appular.com,AVAILABILITY,domains.list,domains.list,2023-05-12 04:47:06.900598,6f4b4eea5625f77a6d56c647
apture.com,AVAILABILITY,domains.list,domains.list,2023-05-12 04:47:07.327194,6f4b4eea5625f77a6d56c647
arc1.msn.com,AVAILABILITY,domains.list,domains.list,2023-05-12 04:47:07.761980,6f4b4eea5625f77a6d56c647
arcadebanners.com,AVAILABILITY,domains.list,domains.list,2023-05-12 04:47:08.253088,6f4b4eea5625f77a6d56c647
ard.xxxblackbook.com,AVAILABILITY,domains.list,domains.list,2023-05-12 04:47:09.080975,6f4b4eea5625f77a6d56c647
are-ter.com,AVAILABILITY,domains.list,domains.list,2023-05-12 04:47:09.394258,6f4b4eea5625f77a6d56c647
as.webmd.com,AVAILABILITY,domains.list,domains.list,2023-05-12 04:47:09.884730,6f4b4eea5625f77a6d56c647
as5000.com,AVAILABILITY,domains.list,domains.list,2023-05-12 04:47:10.888837,6f4b4eea5625f77a6d56c647
assets.loomia.com,AVAILABILITY,domains.list,domains.list,2023-05-12 04:47:11.644312,6f4b4eea5625f77a6d56c647
assets1.exgfnetwork.com,AVAILABILITY,domains.list,domains.list,2023-05-12 04:47:12.193839,6f4b4eea5625f77a6d56c647
assoc-amazon.com,AVAILABILITY,domains.list,domains.list,2023-05-12 04:47:12.484610,6f4b4eea5625f77a6d56c647
at-adserver.alltop.com,AVAILABILITY,domains.list,domains.list,2023-05-12 04:47:12.779705,6f4b4eea5625f77a6d56c647
atdmt.com,AVAILABILITY,domains.list,domains.list,2023-05-12 04:47:13.156733,6f4b4eea5625f77a6d56c647
athena-ads.wikia.com,AVAILABILITY,domains.list,domains.list,2023-05-12 04:47:13.449226,6f4b4eea5625f77a6d56c647
atlassolutions.com,AVAILABILITY,domains.list,domains.list,2023-05-12 04:47:14.545919,6f4b4eea5625f77a6d56c647
atwola.com,AVAILABILITY,domains.list,domains.list,2023-05-12 04:47:15.044618,6f4b4eea5625f77a6d56c647
auctionads.com,AVAILABILITY,domains.list,domains.list,2023-05-12 04:47:16.128310,6f4b4eea5625f77a6d56c647
auctionads.net,AVAILABILITY,domains.list,domains.list,2023-05-12 04:47:16.705558,6f4b4eea5625f77a6d56c647
audience2media.com,AVAILABILITY,domains.list,domains.list,2023-05-12 04:47:18.481067,6f4b4eea5625f77a6d56c647
audit.median.hu,AVAILABILITY,domains.list,domains.list,2023-05-12 04:47:39.246335,6f4b4eea5625f77a6d56c647
audit.webinform.hu,AVAILABILITY,domains.list,domains.list,2023-05-12 04:47:43.939387,6f4b4eea5625f77a6d56c647
auto-bannertausch.de,AVAILABILITY,domains.list,domains.list,2023-05-12 04:47:44.238429,6f4b4eea5625f77a6d56c647
autohits.dk,AVAILABILITY,domains.list,domains.list,2023-05-12 04:48:00.357767,6f4b4eea5625f77a6d56c647
avenuea.com,AVAILABILITY,domains.list,domains.list,2023-05-12 04:48:21.095177,6f4b4eea5625f77a6d56c647
avres.net,AVAILABILITY,domains.list,domains.list,2023-05-12 04:48:21.617812,6f4b4eea5625f77a6d56c647
avsads.com,AVAILABILITY,domains.list,domains.list,2023-05-12 04:48:21.997219,6f4b4eea5625f77a6d56c647
awempire.com,AVAILABILITY,domains.list,domains.list,2023-05-12 04:48:24.036262,6f4b4eea5625f77a6d56c647
awin1.com,AVAILABILITY,domains.list,domains.list,2023-05-12 04:48:25.478656,6f4b4eea5625f77a6d56c647
aylarl.com,AVAILABILITY,domains.list,domains.list,2023-05-12 04:48:27.334409,6f4b4eea5625f77a6d56c647
azfront.com,AVAILABILITY,domains.list,domains.list,2023-05-12 04:48:28.795164,6f4b4eea5625f77a6d56c647
b-1st.com,AVAILABILITY,domains.list,domains.list,2023-05-12 04:48:29.098824,6f4b4eea5625f77a6d56c647
b4psads.com,AVAILABILITY,domains.list,domains.list,2023-05-12 04:48:30.348138,6f4b4eea5625f77a6d56c647
ba.afl.rakuten.co.jp,AVAILABILITY,domains.list,domains.list,2023-05-12 04:48:31.599087,6f4b4eea5625f77a6d56c647
backbeatmedia.com,AVAILABILITY,domains.list,domains.list,2023-05-12 04:48:32.644305,6f4b4eea5625f77a6d56c647
banik.redigy.cz,AVAILABILITY,domains.list,domains.list,2023-05-12 04:48:35.299362,6f4b4eea5625f77a6d56c647
banner-exchange-24.de,AVAILABILITY,domains.list,domains.list,2023-05-12 04:48:35.611710,6f4b4eea5625f77a6d56c647
banner.ambercoastcasino.com,AVAILABILITY,domains.list,domains.list,2023-05-12 04:48:56.261160,6f4b4eea5625f77a6d56c647
banner.blogranking.net,AVAILABILITY,domains.list,domains.list,2023-05-12 04:48:57.364980,6f4b4eea5625f77a6d56c647
banner.buempliz-online.ch,AVAILABILITY,domains.list,domains.list,2023-05-12 04:48:57.668247,6f4b4eea5625f77a6d56c647
banner.casino.net,AVAILABILITY,domains.list,domains.list,2023-05-12 04:48:58.063526,6f4b4eea5625f77a6d56c647
banner.cotedazurpalace.com,AVAILABILITY,domains.list,domains.list,2023-05-12 04:49:18.578708,6f4b4eea5625f77a6d56c647
banner.coza.com,AVAILABILITY,domains.list,domains.list,2023-05-12 04:49:40.329475,6f4b4eea5625f77a6d56c647
banner.cz,AVAILABILITY,domains.list,domains.list,2023-05-12 04:49:41.360253,6f4b4eea5625f77a6d56c647
banner.easyspace.com,AVAILABILITY,domains.list,domains.list,2023-05-12 04:49:43.882781,6f4b4eea5625f77a6d56c647
banner.elisa.net,AVAILABILITY,domains.list,domains.list,2023-05-12 04:50:04.545268,6f4b4eea5625f77a6d56c647
banner.eurogrand.com,AVAILABILITY,domains.list,domains.list,2023-05-12 04:50:04.971133,6f4b4eea5625f77a6d56c647
banner.goldenpalace.com,AVAILABILITY,domains.list,domains.list,2023-05-12 04:50:06.807402,6f4b4eea5625f77a6d56c647
banner.inyourpocket.com,AVAILABILITY,domains.list,domains.list,2023-05-12 04:50:07.525622,6f4b4eea5625f77a6d56c647
banner.jobsahead.com,AVAILABILITY,domains.list,domains.list,2023-05-12 04:50:08.282067,6f4b4eea5625f77a6d56c647
banner.kiev.ua,AVAILABILITY,domains.list,domains.list,2023-05-12 04:50:12.745531,6f4b4eea5625f77a6d56c647
banner.linux.se,AVAILABILITY,domains.list,domains.list,2023-05-12 04:50:13.912161,6f4b4eea5625f77a6d56c647
banner.media-system.de,AVAILABILITY,domains.list,domains.list,2023-05-12 04:50:14.210987,6f4b4eea5625f77a6d56c647
banner.mindshare.de,AVAILABILITY,domains.list,domains.list,2023-05-12 04:50:34.685728,6f4b4eea5625f77a6d56c647
banner.nixnet.cz,AVAILABILITY,domains.list,domains.list,2023-05-12 04:50:36.675418,6f4b4eea5625f77a6d56c647
banner.noblepoker.com,AVAILABILITY,domains.list,domains.list,2023-05-12 04:50:57.064736,6f4b4eea5625f77a6d56c647
banner.northsky.com,AVAILABILITY,domains.list,domains.list,2023-05-12 04:50:57.723247,6f4b4eea5625f77a6d56c647
banner.orb.net,AVAILABILITY,domains.list,domains.list,2023-05-12 04:50:58.426434,6f4b4eea5625f77a6d56c647
banner.penguin.cz,AVAILABILITY,domains.list,domains.list,2023-05-12 04:51:00.541738,6f4b4eea5625f77a6d56c647
banner.rbc.ru,AVAILABILITY,domains.list,domains.list,2023-05-12 04:51:21.946049,6f4b4eea5625f77a6d56c647
banner.tanto.de,AVAILABILITY,domains.list,domains.list,2023-05-12 04:51:23.104987,6f4b4eea5625f77a6d56c647
banner.titan-dsl.de,AVAILABILITY,domains.list,domains.list,2023-05-12 04:51:23.406811,6f4b4eea5625f77a6d56c647
banner.vadian.net,AVAILABILITY,domains.list,domains.list,2023-05-12 04:51:26.169262,6f4b4eea5625f77a6d56c647
banner.webmersion.com,AVAILABILITY,domains.list,domains.list,2023-05-12 04:51:26.896101,6f4b4eea5625f77a6d56c647
bannerads.de,AVAILABILITY,domains.list,domains.list,2023-05-12 04:51:27.905619,6f4b4eea5625f77a6d56c647
bannerboxes.com,AVAILABILITY,domains.list,domains.list,2023-05-12 04:51:28.413390,6f4b4eea5625f77a6d56c647
bannercommunity.de,AVAILABILITY,domains.list,domains.list,2023-05-12 04:51:32.467783,6f4b4eea5625f77a6d56c647
bannerconnect.com,AVAILABILITY,domains.list,domains.list,2023-05-12 04:51:40.320982,6f4b4eea5625f77a6d56c647
bannerconnect.net,AVAILABILITY,domains.list,domains.list,2023-05-12 04:51:40.890182,6f4b4eea5625f77a6d56c647
bannerflow.com,AVAILABILITY,domains.list,domains.list,2023-05-12 04:51:42.582575,6f4b4eea5625f77a6d56c647
bannergrabber.internet.gr,AVAILABILITY,domains.list,domains.list,2023-05-12 04:52:03.513561,6f4b4eea5625f77a6d56c647
bannerhost.com,AVAILABILITY,domains.list,domains.list,2023-05-12 04:52:04.257967,6f4b4eea5625f77a6d56c647
bannerimage.com,AVAILABILITY,domains.list,domains.list,2023-05-12 04:52:04.789181,6f4b4eea5625f77a6d56c647
bannerlandia.com.ar,AVAILABILITY,domains.list,domains.list,2023-05-12 04:52:06.454997,6f4b4eea5625f77a6d56c647
bannermall.com,AVAILABILITY,domains.list,domains.list,2023-05-12 04:52:07.010899,6f4b4eea5625f77a6d56c647
bannermarkt.nl,AVAILABILITY,domains.list,domains.list,2023-05-12 04:52:07.840148,6f4b4eea5625f77a6d56c647
bannerpower.com,AVAILABILITY,domains.list,domains.list,2023-05-12 04:52:28.410141,6f4b4eea5625f77a6d56c647
banners.adultfriendfinder.com,AVAILABILITY,domains.list,domains.list,2023-05-12 04:52:29.240030,6f4b4eea5625f77a6d56c647
banners.amigos.com,AVAILABILITY,domains.list,domains.list,2023-05-12 04:52:30.087989,6f4b4eea5625f77a6d56c647
banners.asiafriendfinder.com,AVAILABILITY,domains.list,domains.list,2023-05-12 04:52:31.045620,6f4b4eea5625f77a6d56c647
banners.babylon-x.com,AVAILABILITY,domains.list,domains.list,2023-05-12 04:52:31.457666,6f4b4eea5625f77a6d56c647
banners.bol.com.br,AVAILABILITY,domains.list,domains.list,2023-05-12 04:52:52.151715,6f4b4eea5625f77a6d56c647
banners.cams.com,AVAILABILITY,domains.list,domains.list,2023-05-12 04:52:52.987334,6f4b4eea5625f77a6d56c647
banners.clubseventeen.com,AVAILABILITY,domains.list,domains.list,2023-05-12 04:52:55.551574,6f4b4eea5625f77a6d56c647
banners.czi.cz,AVAILABILITY,domains.list,domains.list,2023-05-12 04:52:58.484032,6f4b4eea5625f77a6d56c647
banners.dine.com,AVAILABILITY,domains.list,domains.list,2023-05-12 04:52:58.992017,6f4b4eea5625f77a6d56c647
banners.direction-x.com,AVAILABILITY,domains.list,domains.list,2023-05-12 04:52:59.288677,6f4b4eea5625f77a6d56c647
banners.freett.com,AVAILABILITY,domains.list,domains.list,2023-05-12 04:53:00.373800,6f4b4eea5625f77a6d56c647
banners.friendfinder.com,AVAILABILITY,domains.list,domains.list,2023-05-12 04:53:01.213555,6f4b4eea5625f77a6d56c647
banners.getiton.com,AVAILABILITY,domains.list,domains.list,2023-05-12 04:53:02.184091,6f4b4eea5625f77a6d56c647
banners.iq.pl,AVAILABILITY,domains.list,domains.list,2023-05-12 04:53:03.290769,6f4b4eea5625f77a6d56c647
banners.isoftmarketing.com,AVAILABILITY,domains.list,domains.list,2023-05-12 04:53:03.742305,6f4b4eea5625f77a6d56c647
banners.linkbuddies.com,AVAILABILITY,domains.list,domains.list,2023-05-12 04:53:24.267736,6f4b4eea5625f77a6d56c647
banners.passion.com,AVAILABILITY,domains.list,domains.list,2023-05-12 04:53:25.105035,6f4b4eea5625f77a6d56c647
banners.resultonline.com,AVAILABILITY,domains.list,domains.list,2023-05-12 04:53:46.089495,6f4b4eea5625f77a6d56c647
banners.sys-con.com,AVAILABILITY,domains.list,domains.list,2023-05-12 04:53:46.563246,6f4b4eea5625f77a6d56c647
banners.thomsonlocal.com,AVAILABILITY,domains.list,domains.list,2023-05-12 04:53:47.075908,6f4b4eea5625f77a6d56c647
banners.videosz.com,AVAILABILITY,domains.list,domains.list,2023-05-12 04:53:47.573780,6f4b4eea5625f77a6d56c647
banners.virtuagirlhd.com,AVAILABILITY,domains.list,domains.list,2023-05-12 04:53:48.756240,6f4b4eea5625f77a6d56c647
banners.wunderground.com,AVAILABILITY,domains.list,domains.list,2023-05-12 04:53:49.387588,6f4b4eea5625f77a6d56c647
bannerserver.com,AVAILABILITY,domains.list,domains.list,2023-05-12 04:53:50.315530,6f4b4eea5625f77a6d56c647
bannersgomlm.com,AVAILABILITY,domains.list,domains.list,2023-05-12 04:53:50.976776,6f4b4eea5625f77a6d56c647
bannershotlink.perfectgonzo.com,AVAILABILITY,domains.list,domains.list,2023-05-12 04:54:11.520841,6f4b4eea5625f77a6d56c647
