idna_subject,checker_type,destination,tested_at
ad.technoratimedia.com,AVAILABILITY,domains.list,2024-08-06 02:50:25.623199
ads.bigchurch.com,AVAILABILITY,domains.list,2024-08-06 03:17:38.724777
ads.crakmedia.com,AVAILABILITY,domains.list,2024-08-06 03:19:51.134682
ads.gradfinder.com,AVAILABILITY,domains.list,2024-08-06 03:23:51.502360
adworx.at,AVAILABILITY,domains.list,2024-08-06 03:57:42.532001
banner.nixnet.cz,AVAILABILITY,domains.list,2024-08-06 04:11:08.389786
bn.bfast.com,AVAILABILITY,domains.list,2024-08-06 04:31:20.325256
dmtracking.alibaba.com,AVAILABILITY,domains.list,2024-08-06 04:51:40.950434
oascentral.fortunecity.com,AVAILABILITY,domains.list,2024-08-06 05:38:53.482902
pagerank-suchmaschine.de,AVAILABILITY,domains.list,2024-08-06 05:42:14.777258
oascentral.chicagobusiness.com,AVAILABILITY,domains.list,2024-08-06 06:51:50.426136
promo.badoink.com,AVAILABILITY,domains.list,2024-08-06 06:51:51.850785
ads.digitalmedianet.com,AVAILABILITY,domains.list,2024-08-06 09:12:54.335021
ads.friendfinder.com,AVAILABILITY,domains.list,2024-08-06 09:15:12.489213
ads.jewishfriendfinder.com,AVAILABILITY,domains.list,2024-08-06 09:22:34.165170
ads.redlightcenter.com,AVAILABILITY,domains.list,2024-08-06 09:29:48.086430
ad.weatherbug.com,AVAILABILITY,domains.list,2024-08-06 12:37:13.141130
ads.alt.com,AVAILABILITY,domains.list,2024-08-06 12:37:13.779163
ads.seniorfriendfinder.com,AVAILABILITY,domains.list,2024-08-06 12:37:14.940666
crtv.mate1.com,AVAILABILITY,domains.list,2024-08-06 12:37:17.979686
ads.satyamonline.com,AVAILABILITY,domains.list,2024-08-06 12:37:19.300928
ads1.msn.com,AVAILABILITY,domains.list,2024-08-06 12:37:20.387218
tracking.internetstores.de,AVAILABILITY,domains.list,2024-08-06 12:37:32.123152
a.0day.kiev.ua,AVAILABILITY,domains.list,2024-08-06 12:37:32.495150
sitebrand.geeks.com,AVAILABILITY,domains.list,2024-08-06 12:37:33.296364
analytics.live.com,AVAILABILITY,domains.list,2024-08-06 12:37:33.583960
ads.sexinyourcity.com,AVAILABILITY,domains.list,2024-08-06 12:37:43.951291
ads.canalblog.com,AVAILABILITY,domains.list,2024-08-06 12:37:45.087157
adserver1.mindshare.de,AVAILABILITY,domains.list,2024-08-06 12:37:45.707933
adserver2.mindshare.de,AVAILABILITY,domains.list,2024-08-06 12:37:46.084759
banner.mindshare.de,AVAILABILITY,domains.list,2024-08-06 12:37:46.278994
phpadsnew.new.natuurpark.nl,AVAILABILITY,domains.list,2024-08-06 12:37:48.374801
ad.aboutit.de,AVAILABILITY,domains.list,2024-08-06 12:37:49.049498
affiliate.doubleyourdating.com,AVAILABILITY,domains.list,2024-08-06 12:37:59.765169
affiliate.gamestop.com,AVAILABILITY,domains.list,2024-08-06 12:38:00.414251
affiliate.viator.com,AVAILABILITY,domains.list,2024-08-06 12:38:00.827071
affiliates.internationaljock.com,AVAILABILITY,domains.list,2024-08-06 12:38:01.289181
b.aol.com,AVAILABILITY,domains.list,2024-08-06 12:38:01.706605
babs.tv2.dk,AVAILABILITY,domains.list,2024-08-06 12:38:02.535736
banner.ad.nu,AVAILABILITY,domains.list,2024-08-06 12:38:03.750612
banner.casino.net,AVAILABILITY,domains.list,2024-08-06 12:38:04.061557
banner.casinodelrio.com,AVAILABILITY,domains.list,2024-08-06 12:38:04.313135
banner.img.co.za,AVAILABILITY,domains.list,2024-08-06 12:38:07.443966
banner.penguin.cz,AVAILABILITY,domains.list,2024-08-06 12:38:08.524477
banner.relcom.ru,AVAILABILITY,domains.list,2024-08-06 12:38:10.685812
bannerexchange.cjb.net,AVAILABILITY,domains.list,2024-08-06 12:52:52.894596
banners.directnic.com,AVAILABILITY,domains.list,2024-08-06 12:52:54.235490
banners.easydns.com,AVAILABILITY,domains.list,2024-08-06 12:52:54.605103
banners.sexsearch.com,AVAILABILITY,domains.list,2024-08-06 12:52:54.889063
bizad.nikkeibp.co.jp,AVAILABILITY,domains.list,2024-08-06 12:52:55.684057
business.opera.com,AVAILABILITY,domains.list,2024-08-06 12:52:56.428533
c1.nowlinux.com,AVAILABILITY,domains.list,2024-08-06 12:52:56.726517
cdn.freefacti.com,AVAILABILITY,domains.list,2024-08-06 12:52:57.020536
a.aproductmsg.com,AVAILABILITY,domains.list,2024-08-06 12:52:57.394479
ads.stackoverflow.com,AVAILABILITY,domains.list,2024-08-06 12:52:57.654990
count.rbc.ru,AVAILABILITY,domains.list,2024-08-06 12:53:00.328715
counter.nowlinux.com,AVAILABILITY,domains.list,2024-08-06 12:53:00.735096
counter.sparklit.com,AVAILABILITY,domains.list,2024-08-06 12:53:01.510346
counters.honesty.com,AVAILABILITY,domains.list,2024-08-06 12:53:01.731891
counts.tucows.com,AVAILABILITY,domains.list,2024-08-06 12:53:10.058096
creative.whi.co.nz,AVAILABILITY,domains.list,2024-08-06 12:53:11.708841
creatives.as4x.tmcs.net,AVAILABILITY,domains.list,2024-08-06 12:53:12.447433
di1.shopping.com,AVAILABILITY,domains.list,2024-08-06 12:53:12.909220
dnads.directnic.com,AVAILABILITY,domains.list,2024-08-06 12:53:13.856266
dynamic.fmpub.net,AVAILABILITY,domains.list,2024-08-06 12:53:14.125147
eu1.madsone.com,AVAILABILITY,domains.list,2024-08-06 12:53:14.789507
ffxcam.fairfax.com.au,AVAILABILITY,domains.list,2024-08-06 12:53:15.227463
first.nova.cz,AVAILABILITY,domains.list,2024-08-06 12:53:15.853866
i.xx.openx.com,AVAILABILITY,domains.list,2024-08-06 12:53:16.602097
images.v3.com,AVAILABILITY,domains.list,2024-08-06 12:53:26.563869
imonitor.nethost.cz,AVAILABILITY,domains.list,2024-08-06 12:53:29.752865
jaminfinity.tk,AVAILABILITY,domains.list,2024-08-06 12:53:36.518226
m1.webstats4u.com,AVAILABILITY,domains.list,2024-08-06 12:53:37.252913
mads.cnet.com,AVAILABILITY,domains.list,2024-08-06 12:53:37.948589
moadnet.com,AVAILABILITY,domains.list,2024-08-06 12:53:38.488947
nedstat.nl,AVAILABILITY,domains.list,2024-08-06 12:54:16.726960
oas.foxnews.com,AVAILABILITY,domains.list,2024-08-06 12:54:17.142087
oas.salon.com,AVAILABILITY,domains.list,2024-08-06 12:54:17.465732
oas.villagevoice.com,AVAILABILITY,domains.list,2024-08-06 12:54:17.795771
oascentral.businessweek.com,AVAILABILITY,domains.list,2024-08-06 12:54:18.034538
p.adpdx.com,AVAILABILITY,domains.list,2024-08-06 12:54:18.315427
pixel.jumptap.com,AVAILABILITY,domains.list,2024-08-06 12:54:19.458376
popups.infostart.com,AVAILABILITY,domains.list,2024-08-06 12:54:22.109690
pubs.lemonde.fr,AVAILABILITY,domains.list,2024-08-06 12:54:22.768585
rb1.design.ru,AVAILABILITY,domains.list,2024-08-06 12:54:30.177579
reklama.reflektor.cz,AVAILABILITY,domains.list,2024-08-06 12:54:32.587914
remotead.cnet.com,AVAILABILITY,domains.list,2024-08-06 12:54:33.156401
sma.punto.net,AVAILABILITY,domains.list,2024-08-06 12:54:33.835586
start.freeze.com,AVAILABILITY,domains.list,2024-08-06 12:54:34.189608
stats.directnic.com,AVAILABILITY,domains.list,2024-08-06 12:54:34.566805
topbarh.box.sk,AVAILABILITY,domains.list,2024-08-06 12:54:36.646060
visit.webhosting.yahoo.com,AVAILABILITY,domains.list,2024-08-06 12:54:37.217605
adserver.html.it,AVAILABILITY,domains.list,2024-08-06 12:54:37.874398
adv.livedoor.com,AVAILABILITY,domains.list,2024-08-06 12:54:38.231364
lead-analytics.nl,AVAILABILITY,domains.list,2024-08-06 12:54:38.717707
touchclarity.natwest.com,AVAILABILITY,domains.list,2024-08-06 12:54:38.968258
tracking.yourfilehost.com,AVAILABILITY,domains.list,2024-08-06 12:54:39.306804
tsms-ad.tsms.com,AVAILABILITY,domains.list,2024-08-06 12:54:40.870232
www1.gto-media.com,AVAILABILITY,domains.list,2024-08-06 12:54:41.167465
zde-affinity.edgecaching.net,AVAILABILITY,domains.list,2024-08-06 12:54:41.407507
www.cybermonitor.com,AVAILABILITY,domains.list,2024-08-06 12:55:39.664918
www.hit-ranking.de,AVAILABILITY,domains.list,2024-08-06 12:55:40.147915
www.i1img.com,AVAILABILITY,domains.list,2024-08-06 12:55:55.603392
www.iasds01.com,AVAILABILITY,domains.list,2024-08-06 12:55:55.892253
www.ilbanner.com,AVAILABILITY,domains.list,2024-08-06 12:55:58.720819
www.imrworldwide.com,AVAILABILITY,domains.list,2024-08-06 12:55:58.965333
www.fimc.net,AVAILABILITY,domains.list,2024-08-06 12:56:31.414436
www.indexstats.com,AVAILABILITY,domains.list,2024-08-06 12:56:32.181981
www.jaminfinity.tk,AVAILABILITY,domains.list,2024-08-06 12:56:37.549293
www.kanoodle.com,AVAILABILITY,domains.list,2024-08-06 12:56:37.827163
www.kompasads.com,AVAILABILITY,domains.list,2024-08-06 12:56:38.180792
www.kt-g.de,AVAILABILITY,domains.list,2024-08-06 12:56:38.528859
www.lead-analytics.nl,AVAILABILITY,domains.list,2024-08-06 12:56:38.732244
www.leanoisgo.com,AVAILABILITY,domains.list,2024-08-06 12:56:39.014224
www.liftdna.com,AVAILABILITY,domains.list,2024-08-06 12:56:39.916379
www.linkshighway.net,AVAILABILITY,domains.list,2024-08-06 12:56:42.473539
www.mediadvertising.ro,AVAILABILITY,domains.list,2024-08-06 12:56:43.839844
www.hollandbusinessadvertising.nl,AVAILABILITY,domains.list,2024-08-06 12:56:53.461156
www.medialets.com,AVAILABILITY,domains.list,2024-08-06 12:56:53.786465
www.medyanetads.com,AVAILABILITY,domains.list,2024-08-06 12:56:54.138468
www.mixtraffic.com,AVAILABILITY,domains.list,2024-08-06 12:56:55.095452
www.mmismm.com,AVAILABILITY,domains.list,2024-08-06 12:56:56.017009
www.moadnet.com,AVAILABILITY,domains.list,2024-08-06 12:56:56.316309
www.mobilefuse.nu,AVAILABILITY,domains.list,2024-08-06 12:56:57.216506
www.mobilewithsms.net,AVAILABILITY,domains.list,2024-08-06 12:56:57.553247
www.mocean.mobi,AVAILABILITY,domains.list,2024-08-06 12:56:58.196397
www.mydas.mobi,AVAILABILITY,domains.list,2024-08-06 12:56:59.150687
www.nedstatpro.net,AVAILABILITY,domains.list,2024-08-06 12:57:50.067008
www.nexac.com,AVAILABILITY,domains.list,2024-08-06 12:57:50.658664
www.onclasrv.com,AVAILABILITY,domains.list,2024-08-06 12:57:50.967687
www.online-metrix.net,AVAILABILITY,domains.list,2024-08-06 12:57:51.132678
www.openads.org,AVAILABILITY,domains.list,2024-08-06 12:57:51.758371
www.optimost.com,AVAILABILITY,domains.list,2024-08-06 12:57:52.564588
www.overture.com,AVAILABILITY,domains.list,2024-08-06 12:57:54.870920
www.pagerank4u.eu,AVAILABILITY,domains.list,2024-08-06 12:57:55.143066
www.pagerank-submitter.com,AVAILABILITY,domains.list,2024-08-06 12:57:55.397234
www.pagerank-united.de,AVAILABILITY,domains.list,2024-08-06 12:57:55.882935
www.paypopup.com,AVAILABILITY,domains.list,2024-08-06 12:57:56.789333
www.playhaven.com,AVAILABILITY,domains.list,2024-08-06 12:57:57.041007
www.pr5dir.com,AVAILABILITY,domains.list,2024-08-06 12:57:57.325666
www.promotion-campaigns.com,AVAILABILITY,domains.list,2024-08-06 12:57:57.573636
www.quarterserver.de,AVAILABILITY,domains.list,2024-08-06 12:57:59.220160
www.ranking-street.de,AVAILABILITY,domains.list,2024-08-06 12:57:59.750472
www.reefaquarium.biz,AVAILABILITY,domains.list,2024-08-06 12:57:59.981838
www.reinvigorate.net,AVAILABILITY,domains.list,2024-08-06 12:58:00.509433
www.reklamer.com.ua,AVAILABILITY,domains.list,2024-08-06 12:58:00.999730
www.rotabanner.com,AVAILABILITY,domains.list,2024-08-06 12:58:02.779090
www.rtbpop.com,AVAILABILITY,domains.list,2024-08-06 12:58:03.220683
www.rythmxchange.com,AVAILABILITY,domains.list,2024-08-06 12:58:03.432312
www.servedby-buysellads.com,AVAILABILITY,domains.list,2024-08-06 12:58:04.007025
www.servedbyopenx.com,AVAILABILITY,domains.list,2024-08-06 12:58:04.475403
www.sexaddpro.de,AVAILABILITY,domains.list,2024-08-06 12:58:05.049665
www.ru4.com,AVAILABILITY,domains.list,2024-08-06 12:58:06.548166
www.slopeaota.com,AVAILABILITY,domains.list,2024-08-06 12:58:06.862293
www.snapads.com,AVAILABILITY,domains.list,2024-08-06 12:58:07.182535
www.spacash.com,AVAILABILITY,domains.list,2024-08-06 12:58:07.475595
www.spywords.com,AVAILABILITY,domains.list,2024-08-06 12:58:08.769980
www.suavalds.com,AVAILABILITY,domains.list,2024-08-06 12:58:09.058375
www.tapjoyads.com,AVAILABILITY,domains.list,2024-08-06 12:58:09.326417
www.thrnt.com,AVAILABILITY,domains.list,2024-08-06 12:58:20.234641
www.trafficspaces.net,AVAILABILITY,domains.list,2024-08-06 12:58:21.260360
www.trafficstrategies.com,AVAILABILITY,domains.list,2024-08-06 12:58:21.527446
www.tvas-a.pw,AVAILABILITY,domains.list,2024-08-06 12:58:21.796488
www.tvas-c.pw,AVAILABILITY,domains.list,2024-08-06 12:58:21.959974
www.trhunt.com,AVAILABILITY,domains.list,2024-08-06 12:58:32.808950
www.searchfeast.com,AVAILABILITY,domains.list,2024-08-06 12:58:33.559241
www.webangel.ru,AVAILABILITY,domains.list,2024-08-06 12:58:34.340527
www.webmaster-partnerprogramme24.de,AVAILABILITY,domains.list,2024-08-06 12:58:45.382974
www.wegcash.com,AVAILABILITY,domains.list,2024-08-06 12:58:46.108154
www.whereapps.com,AVAILABILITY,domains.list,2024-08-06 12:58:46.631178
www.top66.ro,AVAILABILITY,domains.list,2024-08-06 12:59:12.400176
www.ultsearch.com,AVAILABILITY,domains.list,2024-08-06 12:59:47.970589
www.wonderlandads.com,AVAILABILITY,domains.list,2024-08-06 12:59:48.305130
www.xplusone.com,AVAILABILITY,domains.list,2024-08-06 12:59:48.629874
www.xxxmyself.com,AVAILABILITY,domains.list,2024-08-06 12:59:48.947490
www.yieldads.com,AVAILABILITY,domains.list,2024-08-06 12:59:49.196899
www.yoc.mobi,AVAILABILITY,domains.list,2024-08-06 12:59:49.530094
www.zenkreka.com,AVAILABILITY,domains.list,2024-08-06 12:59:49.829427
yoc.mobi,AVAILABILITY,domains.list,2024-08-06 12:59:50.763402
www.yabuka.com,AVAILABILITY,domains.list,2024-08-06 12:59:57.782460
www.whenu.com,AVAILABILITY,domains.list,2024-08-06 13:00:35.182711
pagerank-submitter.de,AVAILABILITY,domains.list,2024-08-06 13:00:35.974846
media.ftv-publicite.fr,AVAILABILITY,domains.list,2024-08-06 13:00:36.971713
a32.g.a.yimg.com,AVAILABILITY,domains.list,2024-08-06 13:00:37.919795
accounts.pkr.com.invalid,AVAILABILITY,domains.list,2024-08-06 13:00:38.091111
ad2.ip.ro,AVAILABILITY,domains.list,2024-08-06 13:00:40.556428
ad.doctissimo.fr,AVAILABILITY,domains.list,2024-08-06 13:00:41.609381
a.collective-media.net,AVAILABILITY,domains.list,2024-08-06 13:00:41.871465
ad.gate24.ch,AVAILABILITY,domains.list,2024-08-06 13:00:43.968311
ad.httpool.com,AVAILABILITY,domains.list,2024-08-06 13:00:44.297133
ad.onad.eu,AVAILABILITY,domains.list,2024-08-06 13:00:44.573868
ad.e-kolay.net,AVAILABILITY,domains.list,2024-08-06 13:01:16.710788
ad.slutload.com,AVAILABILITY,domains.list,2024-08-06 13:01:17.015880
ad.watch.impress.co.jp,AVAILABILITY,domains.list,2024-08-06 13:01:17.830967
adnet.worldreviewer.com,AVAILABILITY,domains.list,2024-08-06 13:01:18.161787
adboost.de.vu,AVAILABILITY,domains.list,2024-08-06 13:01:20.161611
adimage.asiaone.com.sg,AVAILABILITY,domains.list,2024-08-06 13:01:20.764708
adi.mainichi.co.jp,AVAILABILITY,domains.list,2024-08-06 13:01:21.273381
ad-images.suntimes.com,AVAILABILITY,domains.list,2024-08-06 13:01:21.561426
adk2ads.tictacti.com,AVAILABILITY,domains.list,2024-08-06 13:01:22.062920
adman.in.gr,AVAILABILITY,domains.list,2024-08-06 13:01:24.419769
admob.comadwhirl.com,AVAILABILITY,domains.list,2024-08-06 13:01:24.802028
admerize.be,AVAILABILITY,domains.list,2024-08-06 13:01:28.189114
ads1.theglobeandmail.com,AVAILABILITY,domains.list,2024-08-06 13:01:28.498084
ad.freecity.de,AVAILABILITY,domains.list,2024-08-06 13:01:30.503072
ads.jiwire.com,AVAILABILITY,domains.list,2024-08-06 13:01:30.894591
ads.ztod.com,AVAILABILITY,domains.list,2024-08-06 13:01:31.211556
ranking-id.de,AVAILABILITY,domains.list,2024-08-06 13:01:32.128376
ad.ilove.ch,AVAILABILITY,domains.list,2024-08-06 13:01:34.209087
reklame.unwired-i.net,AVAILABILITY,domains.list,2024-08-06 13:01:34.824671
stats.unwired-i.net,AVAILABILITY,domains.list,2024-08-06 13:01:35.381551
ads03.redtube.com,AVAILABILITY,domains.list,2024-08-06 13:01:35.650583
ads.ak.facebook.com.edgesuite.net,AVAILABILITY,domains.list,2024-08-06 13:01:35.962378
ads.alwayson-network.com,AVAILABILITY,domains.list,2024-08-06 13:01:36.475005
ads.aol.com,AVAILABILITY,domains.list,2024-08-06 13:01:36.955681
ads.batpmturner.com,AVAILABILITY,domains.list,2024-08-06 13:01:37.229575
ads.berlinonline.de,AVAILABILITY,domains.list,2024-08-06 13:01:38.212829
ads.billiton.de,AVAILABILITY,domains.list,2024-08-06 13:01:39.748408
ads.creativematch.com,AVAILABILITY,domains.list,2024-08-06 13:01:40.514177
ads.cimedia.com,AVAILABILITY,domains.list,2024-08-06 13:01:40.933675
ads.cricbuzz.com,AVAILABILITY,domains.list,2024-08-06 13:01:41.335611
ads.dazoot.ro,AVAILABILITY,domains.list,2024-08-06 13:01:42.367820
ads.discovery.com,AVAILABILITY,domains.list,2024-08-06 13:01:42.783728
ads.eatinparis.com,AVAILABILITY,domains.list,2024-08-06 13:01:43.367292
ads.esmas.com,AVAILABILITY,domains.list,2024-08-06 13:01:43.701475
ads.ezboard.com,AVAILABILITY,domains.list,2024-08-06 13:01:44.059564
ads.factorymedia.com,AVAILABILITY,domains.list,2024-08-06 13:01:44.438955
ads.forium.de,AVAILABILITY,domains.list,2024-08-06 13:01:45.448849
ads.foxkidseurope.net,AVAILABILITY,domains.list,2024-08-06 13:01:46.081678
ads.futurenet.com,AVAILABILITY,domains.list,2024-08-06 13:01:46.642870
ads.globeandmail.com,AVAILABILITY,domains.list,2024-08-06 13:01:47.072302
ads.gameforgeads.de,AVAILABILITY,domains.list,2024-08-06 13:01:48.628025
ads.godlikeproductions.com,AVAILABILITY,domains.list,2024-08-06 13:01:48.920717
ads.hardwaresecrets.com,AVAILABILITY,domains.list,2024-08-06 13:01:49.287436
ads.groundspeak.com,AVAILABILITY,domains.list,2024-08-06 13:01:49.710354
ads.hideyourarms.com,AVAILABILITY,domains.list,2024-08-06 13:01:50.126077
ads.linuxfoundation.org,AVAILABILITY,domains.list,2024-08-06 13:01:50.608913
ads.jubii.dk,AVAILABILITY,domains.list,2024-08-06 13:01:51.182208
ads.moceanads.com,AVAILABILITY,domains.list,2024-08-06 13:01:51.572047
ads.mdotm.com,AVAILABILITY,domains.list,2024-08-06 13:02:08.159082
ads.nationalgeographic.com,AVAILABILITY,domains.list,2024-08-06 13:02:08.444595
ads.netclusive.de,AVAILABILITY,domains.list,2024-08-06 13:02:10.945915
ads.penny-arcade.com,AVAILABILITY,domains.list,2024-08-06 13:02:11.121687
ads.ookla.com,AVAILABILITY,domains.list,2024-08-06 13:02:11.360441
ads.pheedo.com,AVAILABILITY,domains.list,2024-08-06 13:02:11.641340
ads.pkr.com,AVAILABILITY,domains.list,2024-08-06 13:02:22.743747
ads.returnpath.net,AVAILABILITY,domains.list,2024-08-06 13:02:23.036659
ads.rottentomatoes.com,AVAILABILITY,domains.list,2024-08-06 13:02:23.482385
ads.slim.com,AVAILABILITY,domains.list,2024-08-06 13:02:24.429395
ads.spoonfeduk.com,AVAILABILITY,domains.list,2024-08-06 13:02:24.713068
ads.stationplay.com,AVAILABILITY,domains.list,2024-08-06 13:02:25.174409
ads.techweb.com,AVAILABILITY,domains.list,2024-08-06 13:02:25.505426
ads.theglobeandmail.com,AVAILABILITY,domains.list,2024-08-06 13:02:25.768259
ads.timeout.com,AVAILABILITY,domains.list,2024-08-06 13:02:26.013522
ads.t-online.de,AVAILABILITY,domains.list,2024-08-06 13:02:26.808964
ads.bonniercorp.com,AVAILABILITY,domains.list,2024-08-06 13:02:27.120700
sx.trhnt.com,AVAILABILITY,domains.list,2024-08-06 13:02:27.396841
ads.wunderground.com,AVAILABILITY,domains.list,2024-08-06 13:02:28.104122
ads.y-0.net,AVAILABILITY,domains.list,2024-08-06 13:02:28.330616
adserv.evo-x.de,AVAILABILITY,domains.list,2024-08-06 13:02:29.084341
adserv.qconline.com,AVAILABILITY,domains.list,2024-08-06 13:02:29.827939
adserver1.ogilvy-interactive.de,AVAILABILITY,domains.list,2024-08-06 13:02:30.938595
adserver2.popdata.de,AVAILABILITY,domains.list,2024-08-06 13:02:33.496628
adserver.aidameter.com,AVAILABILITY,domains.list,2024-08-06 13:02:33.770153
adserver.dotcommedia.de,AVAILABILITY,domains.list,2024-08-06 13:02:36.431391
adserver.clashmusic.com,AVAILABILITY,domains.list,2024-08-06 13:02:36.718294
adserver.flossiemediagroup.com,AVAILABILITY,domains.list,2024-08-06 13:02:36.974169
adserver.hardsextube.com,AVAILABILITY,domains.list,2024-08-06 13:02:37.243509
adserver.freenet.de,AVAILABILITY,domains.list,2024-08-06 13:02:41.386782
adserver.motorpresse.de,AVAILABILITY,domains.list,2024-08-06 13:02:42.817251
adserver.viagogo.com,AVAILABILITY,domains.list,2024-08-06 13:02:43.107364
adserver-live.yoc.mobi,AVAILABILITY,domains.list,2024-08-06 13:02:43.419562
adsremote.scrippsnetworks.com,AVAILABILITY,domains.list,2024-08-06 13:02:43.729958
adsrv.eacdn.com,AVAILABILITY,domains.list,2024-08-06 13:02:44.511721
advertising.aol.com,AVAILABILITY,domains.list,2024-08-06 13:02:44.880620
advertising.guildlaunch.net,AVAILABILITY,domains.list,2024-08-06 13:02:45.556850
adverts.carltononline.com,AVAILABILITY,domains.list,2024-08-06 13:02:45.804188
adx.gainesvillesun.com,AVAILABILITY,domains.list,2024-08-06 13:02:46.135463
affiliate.7host.com,AVAILABILITY,domains.list,2024-08-06 13:02:48.090984
affiliate.mercola.com,AVAILABILITY,domains.list,2024-08-06 13:02:48.389036
affiliates.ige.com,AVAILABILITY,domains.list,2024-08-06 13:02:48.659583
affiliates.jlist.com,AVAILABILITY,domains.list,2024-08-06 13:02:48.984599
aidu-ads.de,AVAILABILITY,domains.list,2024-08-06 13:02:50.183485
as1.advfn.com,AVAILABILITY,domains.list,2024-08-06 13:02:50.515469
as2.advfn.com,AVAILABILITY,domains.list,2024-08-06 13:02:50.792515
anm.intelli-direct.com,AVAILABILITY,domains.list,2024-08-06 13:02:51.026275
banner.alphacool.de,AVAILABILITY,domains.list,2024-08-06 13:02:52.771900
b.engadget.com,AVAILABILITY,domains.list,2024-08-06 13:02:53.737251
banner.getgo.de,AVAILABILITY,domains.list,2024-08-06 13:02:54.981093
banner.joylandcasino.com,AVAILABILITY,domains.list,2024-08-06 13:02:56.717668
banner.prestigecasino.com,AVAILABILITY,domains.list,2024-08-06 13:02:59.016385
banner.wirenode.com,AVAILABILITY,domains.list,2024-08-06 13:02:59.990211
banners.apnuk.com,AVAILABILITY,domains.list,2024-08-06 13:03:00.335379
banners.audioholics.com,AVAILABILITY,domains.list,2024-08-06 13:03:00.647132
banner.featuredusers.com,AVAILABILITY,domains.list,2024-08-06 13:03:11.728800
banners.ebay.com,AVAILABILITY,domains.list,2024-08-06 13:03:12.009422
banners.lifeserv.com,AVAILABILITY,domains.list,2024-08-06 13:03:12.650120
bigads.guj.de,AVAILABILITY,domains.list,2024-08-06 13:03:14.465226
boersego-ads.de,AVAILABILITY,domains.list,2024-08-06 13:03:15.063937
bans.adserver.co.il,AVAILABILITY,domains.list,2024-08-06 13:03:17.127456
bravenet.com.invalid,AVAILABILITY,domains.list,2024-08-06 13:14:25.261212
c.compete.com,AVAILABILITY,domains.list,2024-08-06 13:14:25.680185
clients.tbo.com,AVAILABILITY,domains.list,2024-08-06 13:14:26.109220
count6.rbc.ru,AVAILABILITY,domains.list,2024-08-06 13:14:28.478853
counter.avtoindex.com,AVAILABILITY,domains.list,2024-08-06 13:14:30.931485
creative.ak.facebook.com,AVAILABILITY,domains.list,2024-08-06 13:14:31.358585
depilflash.tv,AVAILABILITY,domains.list,2024-08-06 13:14:31.788956
eur.a1.yimg.com,AVAILABILITY,domains.list,2024-08-06 13:14:32.458378
euro-linkindex.de,AVAILABILITY,domains.list,2024-08-06 13:14:33.047944
engine.awaps.net,AVAILABILITY,domains.list,2024-08-06 13:14:45.685248
ads.motor-forum.nl,AVAILABILITY,domains.list,2024-08-06 13:14:46.100402
ads.beenetworks.net,AVAILABILITY,domains.list,2024-08-06 13:14:46.381240
ad-check.disconnect.me,AVAILABILITY,domains.list,2024-08-06 13:14:50.039108
ad.top50.to,AVAILABILITY,domains.list,2024-08-06 13:14:51.113262
bannieres.acces-contenu.com,AVAILABILITY,domains.list,2024-08-06 13:14:51.401133
ads.thewebfreaks.com,AVAILABILITY,domains.list,2024-08-06 13:14:51.671880
ads.waps.cn,AVAILABILITY,domains.list,2024-08-06 13:14:54.778125
ads.adultswim.com,AVAILABILITY,domains.list,2024-08-06 13:14:55.119464
ads.datinggold.com,AVAILABILITY,domains.list,2024-08-06 13:14:57.449562
ad.about.com,AVAILABILITY,domains.list,2024-08-06 13:14:57.904317
ad.caradisiac.com,AVAILABILITY,domains.list,2024-08-06 13:14:58.138344
ads.brain.pk,AVAILABILITY,domains.list,2024-08-06 13:15:08.479371
ads.mediaturf.net,AVAILABILITY,domains.list,2024-08-06 13:15:09.039047
ads.olivebrandresponse.com,AVAILABILITY,domains.list,2024-08-06 13:15:09.388924
ads.silverdisc.co.uk,AVAILABILITY,domains.list,2024-08-06 13:15:09.852304
adv-banner.libero.it,AVAILABILITY,domains.list,2024-08-06 13:15:10.948367
boost-my-pr.de,AVAILABILITY,domains.list,2024-08-06 13:15:11.483910
levelrate.de,AVAILABILITY,domains.list,2024-08-06 13:15:12.045070
sensismediasmart.com.au,AVAILABILITY,domains.list,2024-08-06 13:15:23.125273
sprinks-clicks.about.com,AVAILABILITY,domains.list,2024-08-06 13:15:23.595306
tracking.gajmp.com,AVAILABILITY,domains.list,2024-08-06 13:15:23.896031
ads.ncm.com,AVAILABILITY,domains.list,2024-08-06 13:15:24.372237
e-adimages.scrippsnetworks.com,AVAILABILITY,domains.list,2024-08-06 13:15:24.733911
richmedia.yimg.com,AVAILABILITY,domains.list,2024-08-06 13:15:25.062954
fb-promotions.com,AVAILABILITY,domains.list,2024-08-06 13:15:25.267137
fonecta.leiki.com,AVAILABILITY,domains.list,2024-08-06 13:15:25.526085
fragmentserv.iac-online.de,AVAILABILITY,domains.list,2024-08-06 13:15:26.583915
gbanners.hornymatches.com,AVAILABILITY,domains.list,2024-08-06 13:15:27.088213
gold.weborama.fr,AVAILABILITY,domains.list,2024-08-06 13:15:27.805263
hit-ranking.de,AVAILABILITY,domains.list,2024-08-06 13:15:28.409167
hollandbusinessadvertising.nl,AVAILABILITY,domains.list,2024-08-06 13:15:40.846732
iliilllio00oo0.321.cn,AVAILABILITY,domains.list,2024-08-06 13:15:50.054484
ads.videosz.com,AVAILABILITY,domains.list,2024-08-06 13:15:50.376802
emonitor.takeit.cz,AVAILABILITY,domains.list,2024-08-06 13:15:52.133626
kt-g.de,AVAILABILITY,domains.list,2024-08-06 13:15:52.692631
lct.salesforce.com,AVAILABILITY,domains.list,2024-08-06 13:15:52.865802
leanoisgo.com,AVAILABILITY,domains.list,2024-08-06 13:15:53.233982
m.webtrends.com,AVAILABILITY,domains.list,2024-08-06 13:15:53.519046
mads.aol.com,AVAILABILITY,domains.list,2024-08-06 13:15:53.788691
memorix.sdv.fr,AVAILABILITY,domains.list,2024-08-06 13:15:54.741536
metrics.windowsitpro.com,AVAILABILITY,domains.list,2024-08-06 13:15:55.128800
mobilefuse.nu,AVAILABILITY,domains.list,2024-08-06 13:15:55.937086
mobilewithsms.net,AVAILABILITY,domains.list,2024-08-06 13:15:56.250950
network.business.com,AVAILABILITY,domains.list,2024-08-06 13:15:56.484425
ngs.impress.co.jp,AVAILABILITY,domains.list,2024-08-06 13:15:57.446344
numax.nu-1.com,AVAILABILITY,domains.list,2024-08-06 13:15:58.334044
openx.blindferret.com,AVAILABILITY,domains.list,2024-08-06 13:15:58.712643
pagerank4u.eu,AVAILABILITY,domains.list,2024-08-06 13:15:59.472711
pagerank-submitter.com,AVAILABILITY,domains.list,2024-08-06 13:15:59.716157
pagerank-united.de,AVAILABILITY,domains.list,2024-08-06 13:16:00.374728
partner.topcities.com,AVAILABILITY,domains.list,2024-08-06 13:16:31.936059
perf.weborama.fr,AVAILABILITY,domains.list,2024-08-06 13:16:32.821908
promo1.webcams.nl,AVAILABILITY,domains.list,2024-08-06 13:16:33.048983
promotion-campaigns.com,AVAILABILITY,domains.list,2024-08-06 13:16:33.299978
pro.i-doctor.co.kr,AVAILABILITY,domains.list,2024-08-06 13:16:35.957753
qwapi.apple.com,AVAILABILITY,domains.list,2024-08-06 13:16:36.127728
ranking-street.de,AVAILABILITY,domains.list,2024-08-06 13:16:36.662581
rad.msn.com,AVAILABILITY,domains.list,2024-08-06 13:16:36.822816
reklamer.com.ua,AVAILABILITY,domains.list,2024-08-06 13:16:37.897316
reefaquarium.biz,AVAILABILITY,domains.list,2024-08-06 13:16:38.559779
rythmxchange.com,AVAILABILITY,domains.list,2024-08-06 13:16:38.907182
seeq.com.invalid,AVAILABILITY,domains.list,2024-08-06 13:16:39.056686
sexaddpro.de,AVAILABILITY,domains.list,2024-08-06 13:16:39.559358
stats.cts-bv.nl,AVAILABILITY,domains.list,2024-08-06 13:16:39.977021
stat.tudou.com,AVAILABILITY,domains.list,2024-08-06 13:16:41.673324
suavalds.com,AVAILABILITY,domains.list,2024-08-06 13:16:41.950338
t.pusk.ru,AVAILABILITY,domains.list,2024-08-06 13:16:43.805806
textads.opera.com,AVAILABILITY,domains.list,2024-08-06 13:16:44.555708
tracking.crunchiemedia.com,AVAILABILITY,domains.list,2024-08-06 13:16:44.991592
tvas-c.pw,AVAILABILITY,domains.list,2024-08-06 13:16:45.476939
tvas-a.pw,AVAILABILITY,domains.list,2024-08-06 13:16:46.103602
usmsad.tom.com,AVAILABILITY,domains.list,2024-08-06 13:16:47.833770
wads.webteh.com,AVAILABILITY,domains.list,2024-08-06 13:16:49.494754
stats.surfaid.ihost.com,AVAILABILITY,domains.list,2024-08-06 13:17:14.221182
webmaster-partnerprogramme24.de,AVAILABILITY,domains.list,2024-08-06 13:17:17.453360
www.2mdn.net,AVAILABILITY,domains.list,2024-08-06 13:17:17.666585
www.518ad.com,AVAILABILITY,domains.list,2024-08-06 13:17:21.335261
www.ad-balancer.net,AVAILABILITY,domains.list,2024-08-06 13:17:21.919052
www.ad.altervista.org,AVAILABILITY,domains.list,2024-08-06 13:17:24.092416
www.adcloud.net,AVAILABILITY,domains.list,2024-08-06 13:17:24.542227
www.addesktop.com,AVAILABILITY,domains.list,2024-08-06 13:17:37.012483
www.adbanner.ro,AVAILABILITY,domains.list,2024-08-06 13:17:38.002050
www.admarvel.com,AVAILABILITY,domains.list,2024-08-06 13:17:43.584831
www.admerize.be,AVAILABILITY,domains.list,2024-08-06 13:17:46.334954
www.ads.cc,AVAILABILITY,domains.list,2024-08-06 13:17:46.864064
www.adsfac.net,AVAILABILITY,domains.list,2024-08-06 13:17:47.260772
www.adsfac.us,AVAILABILITY,domains.list,2024-08-06 13:17:47.459930
www.adtruth.com,AVAILABILITY,domains.list,2024-08-06 13:18:02.590184
www.adswitcher.com,AVAILABILITY,domains.list,2024-08-06 13:18:14.742348
www.aidu-ads.de,AVAILABILITY,domains.list,2024-08-06 13:18:15.198718
www.aistat.net,AVAILABILITY,domains.list,2024-08-06 13:18:15.456656
www.amazon-adsystem.com,AVAILABILITY,domains.list,2024-08-06 13:18:15.624474
www.appads.com,AVAILABILITY,domains.list,2024-08-06 13:18:15.848593
www.appsfire.net,AVAILABILITY,domains.list,2024-08-06 13:18:16.104843
www.appsdt.com,AVAILABILITY,domains.list,2024-08-06 13:18:16.349260
www.are-ter.com,AVAILABILITY,domains.list,2024-08-06 13:18:16.679741
www.atwola.com,AVAILABILITY,domains.list,2024-08-06 13:18:16.975004
www.autohits.dk,AVAILABILITY,domains.list,2024-08-06 13:18:39.130523
www.baypops.com,AVAILABILITY,domains.list,2024-08-06 13:18:39.521215
www.best-pr.info,AVAILABILITY,domains.list,2024-08-06 13:18:40.092921
www.boersego-ads.de,AVAILABILITY,domains.list,2024-08-06 13:18:40.453214
www.btrll.com,AVAILABILITY,domains.list,2024-08-06 13:18:40.867624
www.burstmedia.com,AVAILABILITY,domains.list,2024-08-06 13:18:41.244656
www.class-act-clicks.com,AVAILABILITY,domains.list,2024-08-06 13:18:41.422062
www.clickhype.com,AVAILABILITY,domains.list,2024-08-06 13:18:53.219237
www.company-target.com,AVAILABILITY,domains.list,2024-08-06 13:18:53.400443
www.dapper.net,AVAILABILITY,domains.list,2024-08-06 13:18:54.324776
www.dc-storm.com,AVAILABILITY,domains.list,2024-08-06 13:18:54.548938
www.de17a.com,AVAILABILITY,domains.list,2024-08-06 13:18:54.744211
www.dedicatedmedia.com,AVAILABILITY,domains.list,2024-08-06 13:18:55.320631
www.depilflash.tv,AVAILABILITY,domains.list,2024-08-06 13:18:55.522022
www.ebuzzing.com,AVAILABILITY,domains.list,2024-08-06 13:18:55.788581
www.e-n-t-e-r-n-e-x.com,AVAILABILITY,domains.list,2024-08-06 13:18:56.022199
www.cbmall.com,AVAILABILITY,domains.list,2024-08-06 13:19:02.042634
www.euro-linkindex.de,AVAILABILITY,domains.list,2024-08-06 13:19:02.373455
www.exchange.bg,AVAILABILITY,domains.list,2024-08-06 13:19:03.487464
www.exitexchange.com,AVAILABILITY,domains.list,2024-08-06 13:19:03.782351
www.eyeviewads.com,AVAILABILITY,domains.list,2024-08-06 13:19:03.992245
www.fb-promotions.com,AVAILABILITY,domains.list,2024-08-06 13:19:04.227649
www.globaltakeoff.net,AVAILABILITY,domains.list,2024-08-06 13:19:04.526884
www.googlesyndication.com,AVAILABILITY,domains.list,2024-08-06 13:19:04.749470
www.grafstat.ro,AVAILABILITY,domains.list,2024-08-06 13:19:42.394339
ads.aol.co.uk,AVAILABILITY,domains.list,2024-08-06 13:19:43.175855
ad.media-servers.net,AVAILABILITY,domains.list,2024-08-06 13:19:54.844026
ads.geekswithblogs.net,AVAILABILITY,domains.list,2024-08-06 13:19:55.206006
ads.pickmeup-ltd.com,AVAILABILITY,domains.list,2024-08-06 13:19:55.463238
ads.primissima.it,AVAILABILITY,domains.list,2024-08-06 13:20:01.284288
ads.pushplay.com,AVAILABILITY,domains.list,2024-08-06 13:20:12.599513
ads.rcs.it,AVAILABILITY,domains.list,2024-08-06 13:20:14.491671
adserver.43plc.com,AVAILABILITY,domains.list,2024-08-06 13:20:14.771713
adserver.spankaway.com,AVAILABILITY,domains.list,2024-08-06 13:20:15.323690
adserver1.mokono.com,AVAILABILITY,domains.list,2024-08-06 13:20:17.113421
affiliate.offgamers.com,AVAILABILITY,domains.list,2024-08-06 13:20:17.528548
banner-exchange-24.de,AVAILABILITY,domains.list,2024-08-06 13:20:18.181795
banner.jobsahead.com,AVAILABILITY,domains.list,2024-08-06 13:20:23.817081
banner.orb.net,AVAILABILITY,domains.list,2024-08-06 13:20:24.306681
banner.vadian.net,AVAILABILITY,domains.list,2024-08-06 13:20:25.004708
ceskydomov.alias.ngs.modry.cz,AVAILABILITY,domains.list,2024-08-06 13:20:26.440261
class-act-clicks.com,AVAILABILITY,domains.list,2024-08-06 13:20:26.663502
ad.flurry.com,AVAILABILITY,domains.list,2024-08-06 13:20:27.022575
ad.scanmedios.com,AVAILABILITY,domains.list,2024-08-06 13:20:27.431254
ad.sensismediasmart.com.au,AVAILABILITY,domains.list,2024-08-06 13:20:37.962707
ads.tahono.com,AVAILABILITY,domains.list,2024-08-06 13:20:38.322375
smartbase.cdnservices.com,AVAILABILITY,domains.list,2024-08-06 13:20:44.802145
rank-master.de,AVAILABILITY,domains.list,2024-08-06 13:20:45.362244
marketing.hearstmagazines.nl,AVAILABILITY,domains.list,2024-08-06 13:20:45.677737
ad.103092804.com,AVAILABILITY,domains.list,2024-08-06 13:20:49.383659
ad.allstar.cz,AVAILABILITY,domains.list,2024-08-06 13:20:50.270973
ad.bnmla.com,AVAILABILITY,domains.list,2024-08-06 13:21:25.457144
ad.clix.pt,AVAILABILITY,domains.list,2024-08-06 13:21:25.823016
ad.directrev.com,AVAILABILITY,domains.list,2024-08-06 13:21:26.076960
ad.eurosport.com,AVAILABILITY,domains.list,2024-08-06 13:21:26.345851
ad.globe7.com,AVAILABILITY,domains.list,2024-08-06 13:21:26.707999
ad.jamba.net,AVAILABILITY,domains.list,2024-08-06 13:21:27.558993
ad.leadbolt.net,AVAILABILITY,domains.list,2024-08-06 13:21:27.887249
ad.m5prod.net,AVAILABILITY,domains.list,2024-08-06 13:21:28.084709
ad.nozonedata.com,AVAILABILITY,domains.list,2024-08-06 13:21:28.275826
ad.preferances.com,AVAILABILITY,domains.list,2024-08-06 13:21:28.588690
ad.rambler.ru,AVAILABILITY,domains.list,2024-08-06 13:21:30.657171
ad.reunion.com,AVAILABILITY,domains.list,2024-08-06 13:21:30.891645
ad.seznam.cz,AVAILABILITY,domains.list,2024-08-06 13:21:31.903298
ad.way.cz,AVAILABILITY,domains.list,2024-08-06 13:21:32.997970
ad.yourmedia.com,AVAILABILITY,domains.list,2024-08-06 13:21:33.347103
ad1.emediate.dk,AVAILABILITY,domains.list,2024-08-06 13:21:33.833065
ad1.pamedia.com.au,AVAILABILITY,domains.list,2024-08-06 13:21:34.344127
ad3.pamedia.com.au,AVAILABILITY,domains.list,2024-08-06 13:21:34.935763
adclient.uimserv.net,AVAILABILITY,domains.list,2024-08-06 13:21:35.420855
adfarm.mediaplex.com,AVAILABILITY,domains.list,2024-08-06 13:21:35.845507
adimg.cnet.com,AVAILABILITY,domains.list,2024-08-06 13:21:36.302040
adq.nextag.com,AVAILABILITY,domains.list,2024-08-06 13:21:37.185067
adres.internet.com,AVAILABILITY,domains.list,2024-08-06 13:21:37.574883
ads.adshareware.net,AVAILABILITY,domains.list,2024-08-06 13:21:37.886114
ads.asia1.com.sg,AVAILABILITY,domains.list,2024-08-06 13:21:38.180702
ads.ask.com,AVAILABILITY,domains.list,2024-08-06 13:21:38.415677
ads.betanews.com,AVAILABILITY,domains.list,2024-08-06 13:21:38.738110
ads.bloomberg.com,AVAILABILITY,domains.list,2024-08-06 13:21:39.019287
ads.bluelithium.com,AVAILABILITY,domains.list,2024-08-06 13:21:39.446582
ads.businessweek.com,AVAILABILITY,domains.list,2024-08-06 13:21:39.637668
ads.clearchannel.com,AVAILABILITY,domains.list,2024-08-06 13:21:39.893615
ads.exactdrive.com,AVAILABILITY,domains.list,2024-08-06 13:21:40.178034
ads.expedia.com,AVAILABILITY,domains.list,2024-08-06 13:21:40.442384
ads.forbes.com,AVAILABILITY,domains.list,2024-08-06 13:21:40.740753
ads.freecity.de,AVAILABILITY,domains.list,2024-08-06 13:21:41.875184
ads.ft.com,AVAILABILITY,domains.list,2024-08-06 13:21:42.232309
ads.glispa.com,AVAILABILITY,domains.list,2024-08-06 13:21:42.572728
ads.harpers.org,AVAILABILITY,domains.list,2024-08-06 13:21:43.185204
ads.heias.com,AVAILABILITY,domains.list,2024-08-06 13:21:43.638124
ads.iafrica.com,AVAILABILITY,domains.list,2024-08-06 13:21:45.695664
ads.img.co.za,AVAILABILITY,domains.list,2024-08-06 13:21:47.977790
ads.indiatimes.com,AVAILABILITY,domains.list,2024-08-06 13:21:48.527709
ads.iwon.com,AVAILABILITY,domains.list,2024-08-06 13:21:48.863068
ads.jpost.com,AVAILABILITY,domains.list,2024-08-06 13:21:49.130872
ads.kinobox.cz,AVAILABILITY,domains.list,2024-08-06 13:21:49.758255
ads.linuxjournal.com,AVAILABILITY,domains.list,2024-08-06 13:21:50.006325
ads.linuxsecurity.com,AVAILABILITY,domains.list,2024-08-06 13:21:50.373327
ads.netmechanic.com,AVAILABILITY,domains.list,2024-08-06 13:21:50.615251
ads.newdream.net,AVAILABILITY,domains.list,2024-08-06 13:21:50.955477
ads.ninemsn.com.au,AVAILABILITY,domains.list,2024-08-06 13:21:52.057491
ads.nwsource.com,AVAILABILITY,domains.list,2024-08-06 13:21:52.414782
ads.pennet.com,AVAILABILITY,domains.list,2024-08-06 13:21:53.359342
ads.redtube.com,AVAILABILITY,domains.list,2024-08-06 13:21:53.564972
ads.sptimes.com,AVAILABILITY,domains.list,2024-08-06 13:21:53.948291
ads.techtv.com,AVAILABILITY,domains.list,2024-08-06 13:21:54.226196
ads.telegraph.co.uk,AVAILABILITY,domains.list,2024-08-06 13:21:54.512610
ads.totallyfreestuff.com,AVAILABILITY,domains.list,2024-08-06 13:21:54.807271
ads.tripod.spray.se,AVAILABILITY,domains.list,2024-08-06 13:21:55.416447
ads.v3.com,AVAILABILITY,domains.list,2024-08-06 13:22:11.527632
ads.wapx.cn,AVAILABILITY,domains.list,2024-08-06 13:22:17.365175
ads.web.aol.com,AVAILABILITY,domains.list,2024-08-06 13:22:18.293658
ads.web.cs.com,AVAILABILITY,domains.list,2024-08-06 13:22:18.932734
ads.whi.co.nz,AVAILABILITY,domains.list,2024-08-06 13:22:25.280154
ads.zdnet.com,AVAILABILITY,domains.list,2024-08-06 13:22:25.714979
ads2.clearchannel.com,AVAILABILITY,domains.list,2024-08-06 13:22:25.955788
ads2.jubii.dk,AVAILABILITY,domains.list,2024-08-06 13:22:26.429252
ads2.oneplace.com,AVAILABILITY,domains.list,2024-08-06 13:22:27.079878
ads4.clearchannel.com,AVAILABILITY,domains.list,2024-08-06 13:22:27.351940
adserv.gamezone.de,AVAILABILITY,domains.list,2024-08-06 13:22:27.758790
adserv.iafrica.com,AVAILABILITY,domains.list,2024-08-06 13:22:30.797913
adserver.aol.fr,AVAILABILITY,domains.list,2024-08-06 13:22:31.390500
adserver.freecity.de,AVAILABILITY,domains.list,2024-08-06 13:22:32.571778
adserver.hardwareanalysis.com,AVAILABILITY,domains.list,2024-08-06 13:22:41.945364
adserver.libero.it,AVAILABILITY,domains.list,2024-08-06 13:22:42.624897
adserver.portalofevil.com,AVAILABILITY,domains.list,2024-08-06 13:22:52.953573
adserver.portugalmail.pt,AVAILABILITY,domains.list,2024-08-06 13:22:53.408544
adserver.yahoo.com,AVAILABILITY,domains.list,2024-08-06 13:22:53.723127
adview.ppro.de,AVAILABILITY,domains.list,2024-08-06 13:22:54.206145
adx.allstar.cz,AVAILABILITY,domains.list,2024-08-06 13:22:55.613070
adx.atnext.com,AVAILABILITY,domains.list,2024-08-06 13:22:56.122762
ads.newtention.net,AVAILABILITY,domains.list,2024-08-06 13:22:56.438955
ads.resoom.de,AVAILABILITY,domains.list,2024-08-06 13:22:57.028517
ads.uknetguide.co.uk,AVAILABILITY,domains.list,2024-08-06 13:23:07.385954
ads.brazzers.com,AVAILABILITY,domains.list,2024-08-06 13:23:07.696048
counter.fateback.com,AVAILABILITY,domains.list,2024-08-06 13:23:37.403052
ads.faxo.com,AVAILABILITY,domains.list,2024-08-06 13:23:42.630001
clicks.mods.de,AVAILABILITY,domains.list,2024-08-06 13:23:43.120167
ads.edbindex.dk,AVAILABILITY,domains.list,2024-08-06 13:23:48.700564
ads.datingyes.com,AVAILABILITY,domains.list,2024-08-06 13:23:48.967215
ads.amigos.com,AVAILABILITY,domains.list,2024-08-06 13:23:49.478248
ad.choiceradio.com,AVAILABILITY,domains.list,2024-08-07 04:21:55.178668
ads.adultfriendfinder.com,AVAILABILITY,domains.list,2024-08-07 04:40:04.569921
